source,destination,route_id,node_sequence,distance_m
Hyderabad,Gachibowli,1,"[3155747475, 3216932343, 11944902911, 11944902912, 5517900422, 3216902615, 1337878246, 3612561884, 7306465217, 308767051, 8348357135, 8348357133, 12399604295, 8348357134, 12848335534, 12848335533, 308767030, 3612561658, 6759579244, 308767028, 10258407901, 11947658741, 3183961626, 11947658745, 2178294755, 10108052275, 2847663737, 2847663738, 11043257250, 2178294789, 3192575338, 12085029213, 2854799871, 2178294887, 2178294807, 7682117716, 8348447233, 8348447236, 12421241112, 5525115741, 308532060, 308532061, 2847561302, 308532063, 2847561303, 3612565009, 2847561298, 1317453451, 2847561296, 2847561297, 308779537, 2847561304, 308779536, 2847725846, 4254025119, 2847725849, 308779535, 4191498210, 308779534, 2847725851, 308779543, 2847725855, 308779533, 6507460666, 308779450, 308779452, 308779444, 308779445, 3612565088, 308779456, 308779457, 2852310422, 308779464, 308779463, 728969347, 726270939, 1317469025, 1317468990, 4174046579, 1317471673, 3612565369, 11821102385, 4003625023, 4003625021, 1321325190, 1321329187, 7713215533, 726265751, 726265746, 308532087, 1321331404, 2855071392, 1321331412, 3612565507, 2857520251, 3612565391, 308527271, 3612565395, 3612565415, 3612565445, 1321351383, 3612565541, 308527273, 3612565757, 308527275, 2859817646, 2859817651, 2859817652, 10100669510, 5573811041, 2859817678, 10142227658, 2174747692, 2174747694, 2859822959, 6151723565, 2859822960, 11096709855, 308528080, 6443370154, 2859817822, 2859817826, 308528069, 11888814519, 290891745, 307096050, 2177264454, 2857730898, 3205849648, 4175484053, 4175484054, 307096052, 308528054, 308528051, 1314246684, 1930602348, 2859817854, 2177264411, 2859817857, 7691891694, 6829353277, 9860478582, 2421317283, 2177264442, 11521150717, 3579912829, 1709116074, 2852222605, 3670021329, 10117823992, 2177264436, 3670021681, 13083708783, 12323904989, 2177264514, 2177264458, 12452962460, 12452962453, 12310938288, 7133805376, 11502112799, 2246072887, 9684884111, 11043831726, 12412394745, 9774930665, 2245059944, 2245060007, 6150851792, 3602301061, 11957633917, 1709116124, 1304487242, 2246073036, 9513770692, 7732972088, 7694882837, 11829741098, 11829741096, 10774780238, 11809274343, 7694882841, 11521387381, 1311020050, 3602302291, 1311020687, 12632759794, 12632759798, 6507542312, 6507542314, 12632841001, 2220898575, 12632759799, 12632759800]",17660.07
Hyderabad,Gachibowli,2,"[3155747475, 3216932343, 11944902911, 11944902912, 5517900422, 3216902615, 1337878246, 3612561884, 7306465217, 308767051, 8348357135, 8348357133, 12399604295, 8348357134, 12848335534, 11052835778, 8348357124, 8348357122, 12874942273, 308767028, 10258407901, 11947658741, 3183961626, 11947658745, 2178294755, 10108052275, 2847663737, 2847663738, 11043257250, 2178294789, 3192575338, 12085029213, 2854799871, 2178294887, 2178294807, 7682117716, 8348447233, 8348447236, 12421241112, 5525115741, 308532060, 308532061, 2847561302, 308532063, 2847561303, 3612565009, 2847561298, 1317453451, 2847561296, 2847561297, 308779537, 2847561304, 308779536, 2847725846, 4254025119, 2847725849, 308779535, 4191498210, 308779534, 2847725851, 308779543, 2847725855, 308779533, 6507460666, 308779450, 308779452, 308779444, 308779445, 3612565088, 308779456, 308779457, 2852310422, 308779464, 308779463, 728969347, 726270939, 1317469025, 1317468990, 4174046579, 1317471673, 3612565369, 11821102385, 4003625023, 4003625021, 1321325190, 1321329187, 7713215533, 726265751, 726265746, 308532087, 1321331404, 2855071392, 1321331412, 3612565507, 2857520251, 3612565391, 308527271, 3612565395, 3612565415, 3612565445, 1321351383, 3612565541, 308527273, 3612565757, 308527275, 2859817646, 2859817651, 2859817652, 10100669510, 5573811041, 2859817678, 10142227658, 2174747692, 2174747694, 2859822959, 6151723565, 2859822960, 11096709855, 308528080, 6443370154, 2859817822, 2859817826, 308528069, 11888814519, 290891745, 307096050, 2177264454, 2857730898, 3205849648, 4175484053, 4175484054, 307096052, 308528054, 308528051, 1314246684, 1930602348, 2859817854, 2177264411, 2859817857, 7691891694, 6829353277, 9860478582, 2421317283, 2177264442, 11521150717, 3579912829, 1709116074, 2852222605, 3670021329, 10117823992, 2177264436, 3670021681, 13083708783, 12323904989, 2177264514, 2177264458, 12452962460, 12452962453, 12310938288, 7133805376, 11502112799, 2246072887, 9684884111, 11043831726, 12412394745, 9774930665, 2245059944, 2245060007, 6150851792, 3602301061, 11957633917, 1709116124, 1304487242, 2246073036, 9513770692, 7732972088, 7694882837, 11829741098, 11829741096, 10774780238, 11809274343, 7694882841, 11521387381, 1311020050, 3602302291, 1311020687, 12632759794, 12632759798, 6507542312, 6507542314, 12632841001, 2220898575, 12632759799, 12632759800]",17661.17
Hyderabad,Gachibowli,3,"[3155747475, 3216932343, 11944902911, 11944902912, 5517900422, 3216902615, 1337878246, 3612561884, 7306465217, 308767051, 8348357135, 8348357133, 12399604295, 8348357134, 12848335534, 12848335533, 308767030, 3612561658, 6759579244, 308767028, 10258407901, 11947658741, 3183961626, 11947658745, 2178294755, 10108052275, 2847663737, 2847663738, 11043257250, 2178294789, 3192575338, 12085029213, 2854799871, 2178294887, 2178294807, 7682117716, 8348447233, 8348447236, 12421241112, 5525115741, 308532060, 308532061, 2847561302, 308532063, 2847561303, 3612565009, 2847561298, 1317453451, 2847561296, 2847561297, 308779537, 2847561304, 308779536, 2847725846, 4254025119, 2847725849, 308779535, 4191498210, 308779534, 2847725851, 308779543, 2847725855, 308779533, 6507460666, 308779450, 308779452, 308779444, 308779445, 3612565088, 308779456, 308779457, 2852310422, 308779464, 308779463, 728969347, 726270939, 1317469025, 1317468990, 4174046579, 1317471673, 3612565369, 11821102385, 4003625023, 4003625021, 1321325190, 1321329187, 7713215533, 726265751, 726265746, 308532087, 1321331404, 2855071392, 1321331412, 3612565507, 2857520251, 3612565391, 308527271, 3612565395, 3612565415, 3612565445, 1321351383, 3612565541, 308527273, 3612565757, 308527275, 2859817646, 2859817651, 2859817652, 10100669510, 5573811041, 2859817678, 10142227658, 2174747692, 2174747694, 2859822959, 6151723565, 2859822960, 11096709855, 308528080, 6443370154, 2859817822, 2859817826, 308528069, 11888814519, 290891745, 307096050, 2177264454, 2857730898, 3205849648, 4175484053, 4175484054, 307096052, 308528054, 308528051, 1314246684, 1930602348, 2859817854, 2177264411, 2859817857, 7691891694, 6829353277, 9860478582, 2421317283, 2177264442, 11521150717, 3579912829, 1709116074, 2852222605, 3670021329, 10117823992, 2177264436, 3670021681, 13083708783, 12323904989, 2177264514, 2177264458, 12452962460, 12452962453, 12310938288, 7133805376, 11502112799, 2246072887, 9684884111, 11043831726, 12412394745, 9774930665, 2245059944, 2245060007, 6150851792, 3602301061, 11957633917, 1709116124, 1304487242, 2246073036, 9513770692, 1709116126, 1709116096, 1966832098, 11545588070, 2233905586, 12618756890, 7732971056, 701228141, 12618756889, 1966832111, 2210830573, 1318404779, 701228145, 7732972088, 7694882837, 11829741098, 11829741096, 10774780238, 11809274343, 7694882841, 11521387381, 1311020050, 3602302291, 1311020687, 12632759794, 12632759798, 6507542312, 6507542314, 12632841001, 2220898575, 12632759799, 12632759800]",17662.35
Hyderabad,Kukatpally,1,"[3155747475, 11944902908, 308777203, 11043309758, 308777199, 308767053, 6521527204, 12506637114, 308777197, 3612563518, 308777195, 3612563938, 308775908, 3164426481, 3612564696, 4254130658, 3612564909, 1320755933, 3496946850, 3496498491, 1320754892, 1320754387, 308777133, 308777135, 6444478907, 308777137, 1641566575, 1641566577, 1320750306, 1320750300, 1320752132, 1320752165, 12084480909, 1320752155, 728906959, 2847634238, 3612566953, 2847561532, 2847561536, 11038805792, 308775892, 2847561560, 1932919401, 2847561570, 2847634542, 308775854, 3180189268, 3100002634, 1932927589, 3146936762, 3146936760, 6443117914, 2177311086, 289916818, 289917123, 2177311125, 289917156, 3612570328, 6372012812, 3207154720, 3207154724, 3670021327, 2847498581, 4343145654, 290890910, 2847726883, 290891145, 2847727534, 1779029062, 289511466, 2847727578, 2847727805, 354651251, 10216996365, 10216996366, 3612573842, 3612574133, 7712480295, 3612574849, 12649670045, 2195239132, 12724896247, 2178003489, 3612575589, 2178003481, 11971809804, 3182376843, 1762438491, 11568928771, 9961360202, 11987679689, 354651064, 1754254160, 2178003484, 3598255539, 3598255578, 2178003434, 3182190023, 2590027233, 2178007097, 6152111473, 6151849830, 1754245996, 7682662008, 1754245997, 11830403000, 10705026550, 1754236151, 1754236141, 1754236152, 3598257562, 1754236143, 1754236149, 11050657659, 1752938772, 9882291742, 3204089052, 7718905847, 1752932121, 1752932122, 1752932123, 3195149162, 1752932126, 7721099477, 10216247235, 1752685499, 1752681349, 7713097350, 1752685122, 1752685118, 11821407144, 3602307184, 6518229209, 1746904145, 1746903639, 1746903627, 1746905283, 12240967844, 1746925599, 1750013125, 12882987451, 11121741162, 12084689602, 2424019769, 352754365, 12829699213, 1750037673, 315067281, 5759782342, 5759759150, 1750048513, 5759759145, 5551945417, 5759782344, 4184895903, 3602310652, 3602310694, 12082956838, 12082956833, 3602310996, 2249915001, 12250158213, 3164163721, 5911709865, 1752685117, 12084437145, 11052128479, 3216998695, 12443374165, 2425535905, 4328136930, 13112062420, 3602314515, 2425535907, 10264465723, 3602314921, 2425535900, 3602314992, 3602315241, 3602315546, 2425535850, 2425535852, 11821444265, 1578270502, 3602317196, 1578270550, 1428964041, 3602317251, 11491054981, 3602317855, 3602318216, 4208597007, 4208597009, 3602318461, 4208597011, 3602318905, 3602318931, 3602318982, 3516602473, 3602319948, 7694521079, 1428964099, 2710766042, 2710767845, 3504672420, 3602320843, 3602320885, 3602320832, 3504618925]",16525.47
Hyderabad,Kukatpally,2,"[3155747475, 11944902908, 308777203, 11043309758, 308777199, 308767053, 6521527204, 12506637114, 308777197, 3612563518, 308777195, 3612563938, 308775908, 3164426481, 3612564696, 4254130658, 3612564909, 1320755933, 3496946850, 3496498491, 1320754892, 1320754387, 308777133, 308777135, 6444478907, 308777137, 1641566575, 1641566577, 1320750306, 1320750300, 1320752132, 1320752165, 12084480909, 1320752155, 728906959, 2847634238, 3612566953, 2847561532, 2847561536, 11038805792, 308775892, 2847561560, 1932919401, 2847561570, 2847634542, 308775854, 3180189268, 3100002634, 1932927589, 3146936762, 3146936760, 6443117914, 2177311086, 289916818, 289917123, 2177311125, 289917156, 3612570328, 6372012812, 3207154720, 3207154724, 3670021327, 2847498581, 4343145654, 290890910, 2847726883, 290891145, 2847727534, 1779029062, 289511466, 2847727578, 2847727805, 354651251, 10216996365, 10216996366, 3612573842, 3612574133, 7712480295, 3612574849, 12649670045, 2195239132, 12724896247, 2178003489, 3612575589, 2178003481, 11971809804, 3182376843, 1762438491, 11568928771, 9961360202, 11987679689, 354651064, 1754254160, 2178003484, 3598255539, 3598255578, 2178003434, 3182190023, 2590027233, 2178007097, 6152111473, 6151849830, 1754245996, 7682662008, 1754245997, 11830403000, 10705026550, 1754236151, 1754236141, 1754236152, 3598257562, 1754236143, 1754236149, 11050657659, 1752938772, 9882291742, 3204089052, 7718905847, 1752932121, 1752932122, 1752932123, 3195149162, 1752932126, 7721099477, 10216247235, 1752685499, 1752681349, 7713097350, 1752685122, 1752685118, 11821407144, 3602307184, 6518229209, 1746904145, 1746903639, 1746903627, 1746905283, 12240967844, 1746925599, 1750013125, 12882987451, 11121741162, 12084689602, 2424019769, 352754365, 12829699213, 1750037673, 315067281, 5759782342, 5759759150, 1750048513, 5759759145, 5551945417, 5759782344, 4184895903, 3602310652, 3602310694, 12082956838, 12082956833, 3602310996, 2249915001, 12250158213, 3164163721, 5911709865, 1752685117, 12084437145, 11052128479, 3216998695, 12443374165, 2425535905, 4328136930, 13112062420, 3602314515, 2425535907, 10264465723, 3602314921, 2425535900, 3602314992, 3602315241, 3602315546, 2425535850, 2425535852, 11821444265, 1578270502, 3602317196, 1578270550, 1428964041, 1578270564, 11491054981, 3602317855, 3602318216, 4208597007, 4208597009, 3602318461, 4208597011, 3602318905, 3602318931, 3602318982, 3516602473, 3602319948, 7694521079, 1428964099, 2710766042, 2710767845, 3504672420, 3602320843, 3602320885, 3602320832, 3504618925]",16526.1
Hyderabad,Kukatpally,3,"[3155747475, 11944902908, 308777203, 11043309758, 308777199, 308767053, 6521527204, 12506637114, 308777197, 3612563518, 308777195, 3612563938, 308775908, 3164426481, 3612564696, 4254130658, 3612564909, 1320755933, 3496946850, 3496498491, 1320754892, 1320754387, 308777133, 308777135, 6444478907, 308777137, 1641566575, 1641566577, 1320750306, 1320750300, 1320752132, 1320752165, 12084480909, 1320752155, 728906959, 2847634238, 3612566953, 2847561532, 2847561536, 11038805792, 308775892, 2847561560, 1932919401, 2847561570, 2847634542, 308775854, 3180189268, 3100002634, 1932927589, 3146936762, 3146936760, 6443117914, 2177311086, 289916818, 289917123, 2177311125, 289917156, 3612570328, 6372012812, 3207154720, 3207154724, 3670021327, 2847498581, 4343145654, 290890910, 2847726883, 290891145, 2847727534, 1779029062, 289511466, 2847727578, 2847727805, 354651251, 10216996365, 10216996366, 3612573842, 3612574133, 7712480295, 3612574849, 12649670045, 12649670044, 12649670048, 2178003489, 3612575589, 2178003481, 11971809804, 3182376843, 1762438491, 11568928771, 9961360202, 11987679689, 354651064, 1754254160, 2178003484, 3598255539, 3598255578, 2178003434, 3182190023, 2590027233, 2178007097, 6152111473, 6151849830, 1754245996, 7682662008, 1754245997, 11830403000, 10705026550, 1754236151, 1754236141, 1754236152, 3598257562, 1754236143, 1754236149, 11050657659, 1752938772, 9882291742, 3204089052, 7718905847, 1752932121, 1752932122, 1752932123, 3195149162, 1752932126, 7721099477, 10216247235, 1752685499, 1752681349, 7713097350, 1752685122, 1752685118, 11821407144, 3602307184, 6518229209, 1746904145, 1746903639, 1746903627, 1746905283, 12240967844, 1746925599, 1750013125, 12882987451, 11121741162, 12084689602, 2424019769, 352754365, 12829699213, 1750037673, 315067281, 5759782342, 5759759150, 1750048513, 5759759145, 5551945417, 5759782344, 4184895903, 3602310652, 3602310694, 12082956838, 12082956833, 3602310996, 2249915001, 12250158213, 3164163721, 5911709865, 1752685117, 12084437145, 11052128479, 3216998695, 12443374165, 2425535905, 4328136930, 13112062420, 3602314515, 2425535907, 10264465723, 3602314921, 2425535900, 3602314992, 3602315241, 3602315546, 2425535850, 2425535852, 11821444265, 1578270502, 3602317196, 1578270550, 1428964041, 3602317251, 11491054981, 3602317855, 3602318216, 4208597007, 4208597009, 3602318461, 4208597011, 3602318905, 3602318931, 3602318982, 3516602473, 3602319948, 7694521079, 1428964099, 2710766042, 2710767845, 3504672420, 3602320843, 3602320885, 3602320832, 3504618925]",16530.37
Hyderabad,LB Nagar,1,"[3155747475, 3216932343, 11944902911, 2857520122, 2197048430, 4003605903, 3714509906, 308777218, 3612561887, 308777222, 308783081, 308777226, 4342904963, 4342904953, 3224390837, 4342904955, 11836919690, 2241234030, 2241233983, 289928991, 2241233517, 3674561502, 2181370023, 3155752449, 306605245, 3612557194, 306605333, 3612556081, 2243963660, 2243963635, 11836664127, 306605257, 2244119579, 2249918284, 3157353951, 3894159567, 3157345074, 3894159557, 3894159550, 3894159540, 306609439, 3612552803, 3670020152, 2243962206, 2243961836, 2244119504, 2243961622, 3612551242, 306609445, 2244119463, 11539548068, 11539548066, 11539565578, 11539565577, 3894159531, 2243959917, 2243959851, 312780869, 3894084733, 3224370214, 12312655883, 306609672, 11555983478, 11066305080, 306609674, 2243959143, 2243959102, 11082829509, 7680080590, 2243959076, 2243959070, 2243959057, 3205653725, 3205653724, 3612547524, 3612547486, 2244374457, 3612547441, 3612547401, 2244374378, 3612547332, 2244374320, 2244374310, 2244374298, 2244374182, 2244374120, 3612547001, 2249585042, 3612546870, 2244373741, 11830465209, 7174130101, 3612546575, 3612546554, 2244373407, 2244373252, 2244373217, 2244373126, 2244373118, 2244373033, 2244372998, 2244372900, 2244372785, 12761629545, 11909369843, 11909369841, 306611004, 2244372632, 6150704195, 6150704194, 3186227097, 2245994611, 2245994507, 315086314, 2245994440, 749094013, 2245994403, 7726270679, 315086304, 11555924737, 2247660125, 11830256683, 2247660119, 11843057540, 11843057541, 11843057556, 11843057552, 11843057544, 2249584747, 2247660072, 2247659996, 2249584607, 3612543467, 315086332, 2247608647, 315086334, 12850018382, 12850018337, 12850018334, 12508777100, 315086339, 2247658297, 315086342, 2247658029, 2247657868, 2247608039, 2247608022, 661987177, 3612538681, 2249584121, 2249584077, 2249584038, 2249584005, 2247657281, 2247657269, 2249583980, 2247657231, 2249776011, 2247657222, 315086353, 2247657210, 2247657205, 2247657199, 2249775630, 2249583743, 2249775371, 2249775348, 6289321754, 3612536918, 11824694952, 2249774955, 2249774944, 2249774942, 2249774929, 2249774901, 2249774898, 2249916630, 2249774882, 2760700419, 2249774876, 2249774875, 3612535898, 2249774861, 2249774853, 2249774849, 2403686432, 2760700408, 2760700406, 2403686487, 2403686434, 3692791628, 2249916443, 2403686492, 3612535199, 3612535193, 3612535032, 2249916419, 2403686490, 3612531690, 3602492765, 3602492741, 3602492091, 12478212298, 3602491751, 6296073511, 3602490765, 3602490746, 3602490728, 2760700199, 4206619989, 7709361674, 3602490648, 3602490624, 2760700193, 3602490614, 3602490612, 3602490607, 3602490603, 3602490598, 3602490577, 4826272615, 2760700190, 3602490582, 2760700187, 4206619686, 4206619684, 4206619683, 3602490532, 3602490526, 3602490517, 3614588003, 11824438512, 3614587788, 2760700173, 3614587752, 7694116507, 3614587556, 3614587533, 7694554177, 7694554171]",14949.0
Hyderabad,LB Nagar,2,"[3155747475, 3216932343, 11944902911, 2857520122, 2197048430, 4003605903, 3714509906, 308777218, 3612561887, 308777222, 308783081, 308777226, 4342904963, 4342904953, 3224390837, 4342904955, 11836919690, 2241234030, 2241233983, 289928991, 2241233517, 3674561502, 2181370023, 3155752449, 306605245, 3612557194, 306605333, 3612556081, 2243963660, 2243963635, 11836664127, 306605257, 2244119579, 2249918284, 3157353951, 3894159567, 3157345074, 3894159557, 3894159550, 3894159540, 306609439, 3612552803, 3670020152, 2243962206, 2243961836, 2244119504, 2243961622, 3612551242, 306609445, 2244119463, 11539548068, 11539548066, 11539565578, 11539565577, 3894159531, 2243959917, 2243959851, 312780869, 3894084733, 3224370214, 12312655883, 306609672, 11555983478, 11066305080, 306609674, 2243959143, 2243959102, 11082829509, 7680080590, 2243959076, 2243959070, 2243959057, 3205653725, 3205653724, 3612547524, 3612547486, 2244374457, 3612547441, 3612547401, 2244374378, 3612547332, 2244374320, 2244374310, 2244374298, 2244374182, 2244374120, 3612547001, 2249585042, 3612546870, 2244373741, 11830465209, 7174130101, 3612546575, 3612546554, 2244373407, 2244373252, 2244373217, 2244373126, 2244373118, 2244373033, 2244372998, 2244372900, 2244372785, 12761629545, 11909369843, 11909369841, 306611004, 2244372632, 6150704195, 6150704194, 3186227097, 2245994611, 2245994507, 315086314, 2245994440, 749094013, 2245994403, 7726270679, 315086304, 11555924737, 2247660125, 11830256683, 2247660119, 11843057540, 11843057541, 11843057556, 11843057552, 11843057544, 2249584747, 2247660072, 2247659996, 2249584607, 3612543467, 315086332, 2247608647, 315086334, 12850018382, 12850018337, 12850018334, 12508777100, 315086339, 2247658297, 315086342, 2247658029, 2247657868, 2247608039, 2247608022, 661987177, 3612538681, 2249584121, 2249584077, 2249584038, 2249584005, 2247657281, 2247657269, 2249583980, 2247657231, 2249776011, 2247657222, 315086353, 2247657210, 2247657205, 2247657199, 2249775630, 2249583743, 2249775371, 6289321753, 2249775161, 2249775145, 2249774992, 11824694952, 2249774955, 2249774944, 2249774942, 2249774929, 2249774901, 2249774898, 2249916630, 2249774882, 2760700419, 2249774876, 2249774875, 3612535898, 2249774861, 2249774853, 2249774849, 2403686432, 2760700408, 2760700406, 2403686487, 2403686434, 3692791628, 2249916443, 2403686492, 3612535199, 3612535193, 3612535032, 2249916419, 2403686490, 3612531690, 3602492765, 3602492741, 3602492091, 12478212298, 3602491751, 6296073511, 3602490765, 3602490746, 3602490728, 2760700199, 4206619989, 7709361674, 3602490648, 3602490624, 2760700193, 3602490614, 3602490612, 3602490607, 3602490603, 3602490598, 3602490577, 4826272615, 2760700190, 3602490582, 2760700187, 4206619686, 4206619684, 4206619683, 3602490532, 3602490526, 3602490517, 3614588003, 11824438512, 3614587788, 2760700173, 3614587752, 7694116507, 3614587556, 3614587533, 7694554177, 7694554171]",14950.87
Hyderabad,LB Nagar,3,"[3155747475, 3216932343, 11944902911, 2857520122, 2197048430, 4003605903, 3714509906, 308777218, 3612561887, 308777222, 308783081, 308777226, 4342904963, 4342904953, 3224390837, 4342904955, 11836919690, 2241234030, 2241233983, 289928991, 2241233517, 3674561502, 2181370023, 3155752449, 306605245, 3612557194, 306605333, 3612556081, 2243963660, 2243963635, 11836664127, 306605257, 2244119579, 2249918284, 3157353951, 3894159567, 3157345074, 3894159557, 3894159550, 3894159540, 306609439, 3612552803, 3670020152, 2243962206, 2243961836, 2244119504, 2243961622, 3612551242, 306609445, 2244119463, 11539548068, 11539548066, 11539565578, 11539565577, 3894159531, 2243959917, 2243959851, 312780869, 3894084733, 3894084722, 3224370214, 12312655883, 306609672, 11555983478, 11066305080, 306609674, 2243959143, 2243959102, 11082829509, 7680080590, 2243959076, 2243959070, 2243959057, 3205653725, 3205653724, 3612547524, 3612547486, 2244374457, 3612547441, 3612547401, 2244374378, 3612547332, 2244374320, 2244374310, 2244374298, 2244374182, 2244374120, 3612547001, 2249585042, 3612546870, 2244373741, 11830465209, 7174130101, 3612546575, 3612546554, 2244373407, 2244373252, 2244373217, 2244373126, 2244373118, 2244373033, 2244372998, 2244372900, 2244372785, 12761629545, 11909369843, 11909369841, 306611004, 2244372632, 6150704195, 6150704194, 3186227097, 2245994611, 2245994507, 315086314, 2245994440, 749094013, 2245994403, 7726270679, 315086304, 11555924737, 2247660125, 11830256683, 2247660119, 11843057540, 11843057541, 11843057556, 11843057552, 11843057544, 2249584747, 2247660072, 2247659996, 2249584607, 3612543467, 315086332, 2247608647, 315086334, 12850018382, 12850018337, 12850018334, 12508777100, 315086339, 2247658297, 315086342, 2247658029, 2247657868, 2247608039, 2247608022, 661987177, 3612538681, 2249584121, 2249584077, 2249584038, 2249584005, 2247657281, 2247657269, 2249583980, 2247657231, 2249776011, 2247657222, 315086353, 2247657210, 2247657205, 2247657199, 2249775630, 2249583743, 2249775371, 2249775348, 6289321754, 3612536918, 11824694952, 2249774955, 2249774944, 2249774942, 2249774929, 2249774901, 2249774898, 2249916630, 2249774882, 2760700419, 2249774876, 2249774875, 3612535898, 2249774861, 2249774853, 2249774849, 2403686432, 2760700408, 2760700406, 2403686487, 2403686434, 3692791628, 2249916443, 2403686492, 3612535199, 3612535193, 3612535032, 2249916419, 2403686490, 3612531690, 3602492765, 3602492741, 3602492091, 12478212298, 3602491751, 6296073511, 3602490765, 3602490746, 3602490728, 2760700199, 4206619989, 7709361674, 3602490648, 3602490624, 2760700193, 3602490614, 3602490612, 3602490607, 3602490603, 3602490598, 3602490577, 4826272615, 2760700190, 3602490582, 2760700187, 4206619686, 4206619684, 4206619683, 3602490532, 3602490526, 3602490517, 3614588003, 11824438512, 3614587788, 2760700173, 3614587752, 7694116507, 3614587556, 3614587533, 7694554177, 7694554171]",14951.07
Hyderabad,Miyapur,1,"[3155747475, 11944902908, 308777203, 11043309758, 308777199, 308767053, 6521527204, 12506637114, 308777197, 3612563518, 308777195, 3612563938, 308775908, 3164426481, 3612564696, 4254130658, 3612564909, 1320755933, 3496946850, 3496498491, 1320754892, 1320754387, 308777133, 308777135, 6444478907, 308777137, 1641566575, 1641566577, 1320750306, 1320750300, 1320752132, 1320752165, 12084480909, 1320752155, 728906959, 2847634238, 3612566953, 2847561532, 2847561536, 11038805792, 308775892, 2847561560, 1932919401, 2847561570, 2847634542, 308775854, 3180189268, 3100002634, 1932927589, 3146936762, 3146936760, 6443117914, 2177311086, 289916818, 289917123, 2177311125, 289917156, 3612570328, 6372012812, 3207154720, 3207154724, 3670021327, 2847498581, 4343145654, 290890910, 2847726883, 290891145, 2847727534, 1779029062, 289511466, 2847727578, 2847727805, 354651251, 10216996365, 10216996366, 3612573842, 3612574133, 7712480295, 3612574849, 12649670045, 2195239132, 12724896247, 2178003489, 3612575589, 2178003481, 11971809804, 3182376843, 1762438491, 11568928771, 9961360202, 11987679689, 354651064, 1754254160, 2178003484, 3598255539, 3598255578, 2178003434, 3182190023, 2590027233, 2178007097, 6152111473, 6151849830, 1754245996, 7682662008, 1754245997, 11830403000, 10705026550, 1754236151, 1754236141, 1754236152, 3598257562, 1754236143, 1754236149, 11050657659, 1752938772, 9882291742, 3204089052, 7718905847, 1752932121, 1752932122, 1752932123, 3195149162, 1752932126, 7721099477, 10216247235, 1752685499, 1752681349, 7713097350, 1752685122, 1752685118, 11821407144, 3602307184, 6518229209, 1746904145, 1746903639, 1746903627, 1746905283, 12240967844, 1746925599, 1750013125, 12882987451, 11121741162, 12084689602, 2424019769, 352754365, 12829699213, 1750037673, 315067281, 5759782342, 5759759150, 1750048513, 5759759145, 5551945417, 5759782344, 4184895903, 3602310652, 3602310694, 12082956838, 12082956833, 3602310996, 2249915001, 12250158213, 3164163721, 5911709865, 1752685117, 12084437145, 11052128479, 3216998695, 12443374165, 2425535905, 4328136930, 13112062420, 3602314515, 2425535907, 10264465723, 3602314921, 2425535900, 3602314992, 3602315241, 3602315546, 2425535850, 2425535852, 6559475916, 11817898428, 2425535821, 1987984268, 4208597017, 3758587342, 2425535855, 5430979877, 5433296926, 6690124740, 2425535913, 9570041317, 3602321879, 2425535865, 2425535860, 7695620473, 6690138098, 6714428714, 11817937864, 2425535881, 2425535871, 2425535884, 1802650859, 11821082581, 6150043163, 3758639483, 7097593446, 11811093552, 7702234114, 7702234120, 7702234122, 9699586164, 6151901683, 11521128587, 11809140917, 1347500039, 6150900703, 3602321121, 9187582005, 10736217361, 11809024580, 11494071326, 11494071327]",21110.55
Hyderabad,Miyapur,2,"[3155747475, 11944902908, 308777203, 11043309758, 308777199, 308767053, 6521527204, 12506637114, 308777197, 3612563518, 308777195, 3612563938, 308775908, 3164426481, 3612564696, 4254130658, 3612564909, 1320755933, 3496946850, 3496498491, 1320754892, 1320754387, 308777133, 308777135, 6444478907, 308777137, 1641566575, 1641566577, 1320750306, 1320750300, 1320752132, 1320752165, 12084480909, 1320752155, 728906959, 2847634238, 3612566953, 2847561532, 2847561536, 11038805792, 308775892, 2847561560, 1932919401, 2847561570, 2847634542, 308775854, 3180189268, 3100002634, 1932927589, 3146936762, 3146936760, 6443117914, 2177311086, 289916818, 289917123, 2177311125, 289917156, 3612570328, 6372012812, 3207154720, 3207154724, 3670021327, 2847498581, 4343145654, 290890910, 2847726883, 290891145, 2847727534, 1779029062, 289511466, 2847727578, 2847727805, 354651251, 10216996365, 10216996366, 3612573842, 3612574133, 7712480295, 3612574849, 12649670045, 2195239132, 12724896247, 2178003489, 3612575589, 2178003481, 11971809804, 3182376843, 1762438491, 11568928771, 9961360202, 11987679689, 354651064, 1754254160, 2178003484, 3598255539, 3598255578, 2178003434, 3182190023, 2590027233, 2178007097, 6152111473, 6151849830, 1754245996, 7682662008, 1754245997, 11830403000, 10705026550, 1754236151, 1754236141, 1754236152, 3598257562, 1754236143, 1754236149, 11050657659, 1752938772, 9882291742, 3204089052, 7718905847, 1752932121, 1752932122, 1752932123, 3195149162, 1752932126, 7721099477, 10216247235, 1752685499, 1752681349, 7713097350, 1752685122, 1752685118, 11821407144, 3602307184, 6518229209, 1746904145, 1746903639, 1746903627, 1746905283, 12240967844, 1746925599, 1750013125, 12882987451, 11121741162, 12084689602, 2424019769, 352754365, 12829699213, 1750037673, 315067281, 5759782342, 5759759150, 1750048513, 5759759145, 5551945417, 5759782344, 4184895903, 3602310652, 3602310694, 12082956838, 12082956833, 3602310996, 2249915001, 12250158213, 3164163721, 5911709865, 1752685117, 12084437145, 11052128479, 3216998695, 12443374165, 2425535905, 4328136930, 13112062420, 3602314515, 2425535907, 10264465723, 3602314921, 2425535900, 3602314992, 3602315241, 3602315546, 2425535850, 2425535852, 6559475916, 11817898428, 2425535821, 1987984268, 4208597017, 3758587342, 2425535855, 5430979877, 5433296926, 6690124740, 2425535913, 9570041317, 3602321879, 2425535865, 2425535860, 3602322714, 3602322732, 6690138099, 7695620472, 6690138094, 6690138096, 6690138098, 6714428714, 11817937864, 2425535881, 2425535871, 2425535884, 1802650859, 11821082581, 6150043163, 3758639483, 7097593446, 11811093552, 7702234114, 7702234120, 7702234122, 9699586164, 6151901683, 11521128587, 11809140917, 1347500039, 6150900703, 3602321121, 9187582005, 10736217361, 11809024580, 11494071326, 11494071327]",21115.06
Hyderabad,Miyapur,3,"[3155747475, 11944902908, 308777203, 11043309758, 308777199, 308767053, 6521527204, 12506637114, 308777197, 3612563518, 308777195, 3612563938, 308775908, 3164426481, 3612564696, 4254130658, 3612564909, 1320755933, 3496946850, 3496498491, 1320754892, 1320754387, 308777133, 308777135, 6444478907, 308777137, 1641566575, 1641566577, 1320750306, 1320750300, 1320752132, 1320752165, 12084480909, 1320752155, 728906959, 2847634238, 3612566953, 2847561532, 2847561536, 11038805792, 308775892, 2847561560, 1932919401, 2847561570, 2847634542, 308775854, 3180189268, 3100002634, 1932927589, 3146936762, 3146936760, 6443117914, 2177311086, 289916818, 289917123, 2177311125, 289917156, 3612570328, 6372012812, 3207154720, 3207154724, 3670021327, 2847498581, 4343145654, 290890910, 2847726883, 290891145, 2847727534, 1779029062, 289511466, 2847727578, 2847727805, 354651251, 10216996365, 10216996366, 3612573842, 3612574133, 7712480295, 3612574849, 12649670045, 12649670044, 12649670048, 2178003489, 3612575589, 2178003481, 11971809804, 3182376843, 1762438491, 11568928771, 9961360202, 11987679689, 354651064, 1754254160, 2178003484, 3598255539, 3598255578, 2178003434, 3182190023, 2590027233, 2178007097, 6152111473, 6151849830, 1754245996, 7682662008, 1754245997, 11830403000, 10705026550, 1754236151, 1754236141, 1754236152, 3598257562, 1754236143, 1754236149, 11050657659, 1752938772, 9882291742, 3204089052, 7718905847, 1752932121, 1752932122, 1752932123, 3195149162, 1752932126, 7721099477, 10216247235, 1752685499, 1752681349, 7713097350, 1752685122, 1752685118, 11821407144, 3602307184, 6518229209, 1746904145, 1746903639, 1746903627, 1746905283, 12240967844, 1746925599, 1750013125, 12882987451, 11121741162, 12084689602, 2424019769, 352754365, 12829699213, 1750037673, 315067281, 5759782342, 5759759150, 1750048513, 5759759145, 5551945417, 5759782344, 4184895903, 3602310652, 3602310694, 12082956838, 12082956833, 3602310996, 2249915001, 12250158213, 3164163721, 5911709865, 1752685117, 12084437145, 11052128479, 3216998695, 12443374165, 2425535905, 4328136930, 13112062420, 3602314515, 2425535907, 10264465723, 3602314921, 2425535900, 3602314992, 3602315241, 3602315546, 2425535850, 2425535852, 6559475916, 11817898428, 2425535821, 1987984268, 4208597017, 3758587342, 2425535855, 5430979877, 5433296926, 6690124740, 2425535913, 9570041317, 3602321879, 2425535865, 2425535860, 7695620473, 6690138098, 6714428714, 11817937864, 2425535881, 2425535871, 2425535884, 1802650859, 11821082581, 6150043163, 3758639483, 7097593446, 11811093552, 7702234114, 7702234120, 7702234122, 9699586164, 6151901683, 11521128587, 11809140917, 1347500039, 6150900703, 3602321121, 9187582005, 10736217361, 11809024580, 11494071326, 11494071327]",21115.44
Hyderabad,Uppal,1,"[3155747475, 3216932343, 11944902911, 2857520122, 2197048430, 4003605903, 3714509906, 308777218, 3612561887, 308777222, 12240633476, 12240757402, 308783064, 1557484968, 308783083, 308783068, 2857520126, 2857520125, 2857520124, 2857520123, 3612561958, 308783089, 3612562276, 3612562292, 2240855993, 2240856013, 3612562520, 11521142933, 11521142932, 11521142931, 11521142930, 11521142929, 2240856234, 316966287, 2180604748, 307055841, 6151660328, 4333720084, 307055835, 11868610846, 4333720095, 3612564686, 2236747454, 12704188675, 12704197605, 2234831360, 307055857, 2234831404, 2234831460, 1316895196, 2234831586, 2234831594, 2234831663, 9662331642, 309703316, 2234831979, 2234832007, 2234832029, 9565417181, 2234832052, 10707438329, 7097897672, 3169765046, 2234832146, 1317018452, 1317013319, 1317018451, 1317013308, 1317013326, 1317013312, 1317013333, 1317013338, 2234831844, 1317026505, 1317027188, 1317027189, 1317027179, 1317033375, 7679859141, 1317035476, 2234831504, 2234831502, 2234831500, 1317028119, 2234831495, 1317035467, 2234831506, 1317035460, 2234831511, 1317031737, 1317029229, 1317028120, 2234831473, 2234831427, 1317138745, 1317138781, 1317175505, 1317175517, 1317176691, 1317138732, 1317142601, 1317197538, 1317142612, 1317142599, 1317196874, 1317142606, 1317142597, 1317196025, 1317138767, 1317191717, 1317206955, 1317142658, 2237001548, 1317208118, 2237001523, 1317142838, 1317142938, 660138688, 1610991660, 2237001559, 2237001556, 2237001550, 2237001544, 2237001541, 3612565067, 2237001587, 2237001580, 2237001609, 7678984943, 2237001626, 2237001624, 2237001619, 2237001615, 2237001611, 2237001613, 2237001617, 2237001621, 3598394560, 3598394565, 3598394578, 3598394705, 1610991719, 3598394725, 11828134470, 11828134472, 2240856760, 11367846157, 11367846156, 3598396124, 2584898262]",9431.78
Hyderabad,Uppal,2,"[3155747475, 3216932343, 11944902911, 2857520122, 2197048430, 4003605903, 3714509906, 308777218, 3612561887, 308777222, 12240633476, 12240757402, 308783064, 1557484968, 308783083, 308783068, 2857520126, 2857520125, 2857520124, 2857520123, 3612561958, 308783089, 3612562276, 3612562292, 2240855993, 2240856013, 3612562520, 11521142933, 11521142932, 11521142931, 11521142930, 11521142929, 2240856234, 316966287, 2180604748, 307055841, 6151660328, 4333720084, 307055835, 11868610846, 4333720095, 3612564686, 2236747454, 12704188675, 12704197605, 2234831360, 307055857, 2234831404, 2234831460, 1316895196, 2234831586, 2234831594, 2234831663, 9662331642, 309703316, 2234831979, 2234832007, 2234832029, 9565417181, 2234832052, 10707438329, 7097897672, 3169765046, 2234832146, 1317018452, 1317013319, 1317018451, 1317013308, 1317013326, 1317013306, 3302647786, 1317013333, 1317013338, 2234831844, 1317026505, 1317027188, 1317027189, 1317027179, 1317033375, 7679859141, 1317035476, 2234831504, 2234831502, 2234831500, 1317028119, 2234831495, 1317035467, 2234831506, 1317035460, 2234831511, 1317031737, 1317029229, 1317028120, 2234831473, 2234831427, 1317138745, 1317138781, 1317175505, 1317175517, 1317176691, 1317138732, 1317142601, 1317197538, 1317142612, 1317142599, 1317196874, 1317142606, 1317142597, 1317196025, 1317138767, 1317191717, 1317206955, 1317142658, 2237001548, 1317208118, 2237001523, 1317142838, 1317142938, 660138688, 1610991660, 2237001559, 2237001556, 2237001550, 2237001544, 2237001541, 3612565067, 2237001587, 2237001580, 2237001609, 7678984943, 2237001626, 2237001624, 2237001619, 2237001615, 2237001611, 2237001613, 2237001617, 2237001621, 3598394560, 3598394565, 3598394578, 3598394705, 1610991719, 3598394725, 11828134470, 11828134472, 2240856760, 11367846157, 11367846156, 3598396124, 2584898262]",9431.81
Hyderabad,Uppal,3,"[3155747475, 3216932343, 11944902911, 2857520122, 2197048430, 4003605903, 3714509906, 308777218, 3612561887, 308777222, 12240633476, 12240757402, 308783064, 1557484968, 308783083, 308783068, 2857520126, 2857520125, 2857520124, 2857520123, 3612561958, 308783089, 3612562276, 3612562292, 2240855993, 2240856013, 3612562520, 11521142933, 11521142932, 11521142931, 11521142930, 11521142929, 2240856234, 316966287, 2180604748, 307055841, 6151660328, 4333720084, 307055835, 11868610846, 4333720095, 3612564686, 2236747454, 12704188675, 12704197605, 2234831360, 307055857, 2234831404, 2234831460, 1316895196, 2234831586, 2234831594, 2234831663, 9662331642, 309703316, 2234831979, 2234832007, 2234832029, 9565417181, 2234832052, 10707438329, 7097897672, 3169765046, 2234832146, 1317018452, 1317013319, 1317018451, 1317013308, 1317013326, 1317013312, 1317013333, 1317013338, 2234831844, 1317026505, 1317027188, 1317027189, 1317027179, 1317033375, 7679859141, 1317035476, 2234831504, 2234831502, 2234831500, 1317028119, 2234831495, 1317035467, 2234831506, 1317035460, 2234831511, 1317031737, 1317029229, 1317028120, 2234831473, 2234831427, 1317138745, 1317138781, 1317175505, 1317175517, 1317176691, 1317138732, 1317142601, 1317197538, 1317142612, 1317142599, 1317196874, 1317142606, 1317142597, 1317196025, 1317138767, 1317191717, 1317206955, 1317142658, 2237001548, 1317208118, 2237001523, 1317142838, 1317142938, 660138688, 1610991660, 2237001559, 2237001556, 2237001550, 2237001544, 2237001593, 2237001587, 2237001580, 2237001609, 7678984943, 2237001626, 2237001624, 2237001619, 2237001615, 2237001611, 2237001613, 2237001617, 2237001621, 3598394560, 3598394565, 3598394578, 3598394705, 1610991719, 3598394725, 11828134470, 11828134472, 2240856760, 11367846157, 11367846156, 3598396124, 2584898262]",9432.17
Hyderabad,Kompally,1,"[3155747475, 11944902908, 308777203, 11043309758, 308777199, 308767053, 6521527204, 12506637114, 308777197, 3612563518, 308777195, 3612563938, 308775908, 3612564676, 1320755822, 3612565496, 308783009, 308783010, 308783011, 11947637490, 11947637491, 11564229699, 11947637495, 11564229710, 11947637510, 308777128, 3612566713, 12725207818, 308792873, 2847634140, 3612567314, 2847634506, 3180195197, 11219686998, 727280230, 308783189, 4315514369, 3158879059, 308783170, 308783169, 308783168, 2857520303, 308944678, 308944679, 3612570747, 315058917, 308944689, 3612571477, 315058918, 308944683, 308944684, 3216907316, 3612572239, 2962943254, 308944690, 308944691, 5486709282, 308795901, 3612573513, 315060309, 3612573944, 308938386, 4262209007, 308942957, 308942951, 308938344, 6528302158, 308943017, 308943018, 308943023, 308938346, 308943024, 308938347, 3598253792, 3598254141, 1404688837, 1404703875, 1404703873, 1404702397, 2855063355, 1404702418, 2855063372, 2855063386, 1404702408, 1404706630, 3598255029, 2855063818, 3598255068, 3598255193, 3598255331, 3598255394, 308795936, 2855063877, 2855064031, 4182402956, 364666887, 364666971, 364666882, 364666868, 364666849, 364666844, 3205568901, 11138928450, 3790504683, 3166095702, 11978145691, 9625504656, 308796043, 2622294450, 11944521815, 308796047, 1379618407, 9713358822, 3790504687, 3147189450, 308796014, 3790504698, 12841106294, 3204190488, 3204190490, 3147189467, 3531321095, 3182231463, 3147210558, 3147189472, 3219999538, 3147189497, 3147210559, 3147189494, 1947410135, 1947410149, 1947410134, 3598266222, 6528188661, 1947410133, 3598267147, 1947410086, 1947410107, 1947410093, 1947410136, 308964091, 2859503857, 3598271230, 3598271258, 2221876532, 644722284, 3598271483, 3598271567, 2221876698, 3598271664, 2221876856, 2221876900, 2221876919, 3598271953, 3598272059, 3598272066, 3598272076, 3598272212, 3598272219, 3598272274, 3598272324, 3598272327, 3598272329, 11068093132, 1038357635, 11049644076, 3598272643, 3598272706, 3598272842, 3598272963, 3598273058, 3653736360, 3598273394, 3598273471, 1038357634, 3652258945, 2790062524, 2790062537, 2790062565, 2790062593, 2790062642, 2790062660, 3598275735, 644722306, 3598275971, 3598276144, 7712658526, 7712658517, 7712658522, 4208911552, 7712658523, 3598276493, 3598276532, 3598276603, 7713436986, 3598276957, 3598277152, 11056630632, 4208911567, 2857843730, 2923174886, 2857843758, 2857843347, 7712367993, 12054661502, 7712368001, 2857843773, 3598280715, 2988138238, 2782801922, 7688090430, 12054742027, 7688090425, 3598282383, 7688090398, 3598282537, 3598282669, 3598282882, 2782802524, 2988138257, 2782802756, 2782950139, 2782950150, 2782950153, 2782950172, 2782950184, 2782950213, 3598283892, 2782950250, 2782950259, 2782950273, 2782950296, 2782950299, 2782950318, 2782950338, 7688051834, 2782950347, 11846752748, 11061139850, 11846746848, 10227737308, 3598285160, 3598285503, 3598285588, 12211216165, 2782950384, 3598285884, 10154016332, 3598286008, 3598286061, 7688051862, 3598286044, 3598286161, 11257268843, 3598286203, 3598286230, 2783189645, 2783189680, 11257288737, 2783189710]",17394.48
Hyderabad,Kompally,2,"[3155747475, 11944902908, 308777203, 11043309758, 308777199, 308767053, 6521527204, 12506637114, 308777197, 3612563518, 308777195, 3612563938, 308775908, 3612564676, 1320755822, 3612565496, 308783009, 308783010, 308783011, 11947637490, 11947637491, 11564229699, 11947637495, 11564229710, 11947637510, 308777128, 3612566713, 12725207818, 308792873, 2847634140, 3612567314, 2847634506, 3180195197, 11219686998, 727280230, 308783189, 4315514369, 3158879059, 308783170, 308783169, 308783168, 2857520303, 308944678, 308944679, 3612570747, 315058917, 308944689, 3612571477, 315058918, 308944683, 308944684, 3216907316, 3612572239, 2962943254, 308944690, 308944691, 5486709282, 308795901, 3612573513, 315060309, 3612573944, 308938386, 4262209007, 308942957, 308942951, 308938344, 6528302158, 308943017, 308943018, 308943023, 308938346, 308943024, 308938347, 3598253792, 3598254141, 1404688837, 1404703875, 1404703873, 1404702397, 2855063355, 1404702418, 2855063372, 2855063386, 1404702408, 1404706630, 3598255029, 2855063818, 3598255068, 3598255193, 3598255331, 3598255394, 308795936, 2855063877, 2855064031, 4182402956, 364666887, 364666971, 364666882, 364666868, 364666849, 364666844, 3205568901, 11138928450, 3790504683, 3166095702, 11978145691, 9625504656, 308796043, 2622294450, 11944521815, 308796047, 1379618407, 9713358822, 3790504687, 3147189450, 308796014, 3790504698, 12841106294, 3204190488, 3204190490, 3147189467, 3531321095, 3182231463, 3147210558, 3147189472, 3219999538, 3147189497, 3147210559, 3147189494, 1947410135, 1947410149, 1947410134, 3598266222, 6528188661, 1947410133, 3598267147, 1947410086, 1947410107, 1947410093, 1947410136, 308964091, 2859503857, 3598271230, 3598271258, 2221876532, 644722284, 3598271483, 3598271567, 2221876698, 3598271664, 2221876856, 2221876900, 2221876919, 3598271953, 3598272059, 3598272066, 3598272076, 3598272212, 3598272219, 3598272274, 3598272324, 3598272327, 3598272329, 11068093132, 1038357635, 11049644076, 3598272643, 3598272706, 3598272842, 3598272963, 3598273058, 3653736360, 3598273394, 3598273471, 1038357634, 3652258945, 2790062524, 2790062537, 2790062565, 2790062593, 2790062642, 2790062660, 3598275735, 644722306, 3598275971, 3598276144, 7712658526, 7712658517, 7712658522, 4208911552, 7712658523, 3598276493, 3598276532, 3598276603, 7713436986, 3598276957, 3598277152, 11056630632, 4208911567, 2857843730, 2923174886, 2857843758, 2857843347, 7712367993, 12054661502, 7712368001, 2857843773, 3598280715, 2988138238, 2782801922, 7688090430, 12054742027, 7688090425, 3598282383, 7688090398, 3598282537, 3598282669, 3598282882, 2782802524, 2988138257, 2782802756, 2782950139, 2782950150, 2782950153, 2782950172, 2782950184, 2782950213, 3598283892, 2782950250, 2782950259, 2782950273, 2782950296, 2782950299, 2782950318, 2782950338, 7688051834, 2782950347, 11846752748, 11061139850, 11846746848, 10227737308, 3598285160, 3598285503, 3598285588, 12211216165, 2782950384, 3598285884, 10154016332, 3598286008, 3598286061, 7688051862, 3598286044, 3598286161, 11257268843, 3598286203, 3598286230, 2783189645, 2783189680, 2783189690, 2783189710]",17396.67
Hyderabad,Kompally,3,"[3155747475, 11944902908, 308777203, 11043309758, 308777199, 308767053, 6521527204, 12506637114, 308777197, 3612563518, 308777195, 3612563938, 308775908, 3612564676, 1320755822, 3612565496, 308783009, 308783010, 308783011, 11947637490, 11947637491, 11564229699, 11947637495, 11564229710, 11947637510, 308777128, 3612566713, 12725207818, 308792873, 2847634140, 3612567314, 2847634506, 3180195197, 11219686998, 727280230, 308783189, 4315514369, 3158879059, 308783170, 308783169, 308783168, 2857520303, 308944678, 308944679, 3612570747, 315058917, 308944689, 3612571477, 315058918, 308944683, 308944684, 3216907316, 3612572239, 2962943254, 308944690, 308944691, 5486709282, 308795901, 3612573513, 315060309, 3612573944, 308938386, 4262209007, 308942957, 308942951, 308938344, 6528302158, 308943017, 308943018, 308943023, 308938346, 308943024, 308938347, 3598253792, 3598254141, 1404688837, 1404703875, 1404703873, 1404702397, 2855063355, 1404702418, 2855063372, 2855063386, 1404702408, 1404706630, 3598255029, 2855063818, 3598255068, 3598255193, 3598255331, 3598255394, 308795936, 2855063877, 2855064031, 4182402956, 364666887, 364666971, 364666882, 364666868, 364666849, 364666844, 3205568901, 11138928450, 3790504683, 3166095702, 11978145691, 9625504656, 308796043, 2622294450, 11944521815, 308796047, 1379618407, 9713358822, 3790504687, 3147189450, 308796014, 3790504698, 12841106294, 3204190488, 3204190490, 3147189467, 3531321095, 3182231463, 3147210558, 3147189472, 3219999538, 3147189497, 3147210559, 3147189494, 1947410135, 1947410149, 1947410134, 3598266222, 6528188661, 1947410133, 3598267147, 1947410086, 1947410107, 1947410093, 1947410136, 308964091, 2859503857, 3598271230, 3598271258, 2221876532, 644722284, 3598271483, 3598271567, 2221876698, 3598271664, 2221876856, 2221876900, 2221876919, 3598271953, 3598272059, 3598272066, 3598272076, 3598272212, 3598272320, 3598272324, 3598272327, 3598272329, 11068093132, 1038357635, 11049644076, 3598272643, 3598272706, 3598272842, 3598272963, 3598273058, 3653736360, 3598273394, 3598273471, 1038357634, 3652258945, 2790062524, 2790062537, 2790062565, 2790062593, 2790062642, 2790062660, 3598275735, 644722306, 3598275971, 3598276144, 7712658526, 7712658517, 7712658522, 4208911552, 7712658523, 3598276493, 3598276532, 3598276603, 7713436986, 3598276957, 3598277152, 11056630632, 4208911567, 2857843730, 2923174886, 2857843758, 2857843347, 7712367993, 12054661502, 7712368001, 2857843773, 3598280715, 2988138238, 2782801922, 7688090430, 12054742027, 7688090425, 3598282383, 7688090398, 3598282537, 3598282669, 3598282882, 2782802524, 2988138257, 2782802756, 2782950139, 2782950150, 2782950153, 2782950172, 2782950184, 2782950213, 3598283892, 2782950250, 2782950259, 2782950273, 2782950296, 2782950299, 2782950318, 2782950338, 7688051834, 2782950347, 11846752748, 11061139850, 11846746848, 10227737308, 3598285160, 3598285503, 3598285588, 12211216165, 2782950384, 3598285884, 10154016332, 3598286008, 3598286061, 7688051862, 3598286044, 3598286161, 11257268843, 3598286203, 3598286230, 2783189645, 2783189680, 11257288737, 2783189710]",17397.13
Hyderabad,Shamshabad,1,"[3155747475, 3216932343, 11944902911, 11944902912, 5517900422, 3216902615, 1337878246, 3612561884, 7306465217, 308767051, 8348357135, 8348357133, 12399604295, 12399604292, 308767033, 743355186, 12240922356, 743355151, 11482070356, 4193142872, 3612560740, 11481855974, 3612560696, 308767049, 2233018492, 3612560483, 1320807132, 2854765772, 2854765755, 1320827348, 308767047, 308767046, 3612559936, 3612559778, 1320832344, 3612559707, 1320807149, 3612559632, 308767042, 3670020707, 1320852674, 3612559015, 3670020678, 3612558751, 3612558592, 3670020663, 11829714654, 3612558200, 2180797254, 3612557514, 308525917, 307081804, 306593136, 2461272699, 13086530379, 3791315022, 306593138, 3791315019, 306598185, 2460435099, 2461304315, 9692603762, 306598187, 3612554676, 2461299751, 308559924, 3744572489, 308559938, 6151750991, 3612554321, 12041628425, 2460435091, 2852574419, 3612553951, 308560068, 3612553262, 308560072, 3612553108, 306598229, 308560077, 3612552520, 308560087, 3612551971, 9821438937, 308560097, 9821438935, 308560108, 308560113, 10614322025, 3612550511, 308560119, 308560126, 10617607333, 308560138, 306621439, 306621441, 4246608497, 306621449, 2852505730, 306621576, 2852505600, 2852505557, 2852505524, 4193507601, 2857758279, 3612548596, 3612548606, 2852505501, 2852505490, 2852505474, 3612548040, 3612547924, 308560711, 308560713, 3612547748, 308560715, 308560717, 308560718, 2852505290, 2857751775, 2857751768, 2852505244, 3612547270, 2852505225, 308560725, 7712382694, 2857751742, 3059812986, 3059812984, 2857758222, 308560726, 2857756288, 308560760, 2852505046, 2852505040, 2857757405, 308560893, 3612546285, 2852504876, 2852504830, 308560889, 2852504808, 2857757836, 2852504558, 308560782, 308560785, 308576239, 2730615478, 2730615477, 308576240, 308576242, 3612545097, 308576244, 308576246, 2730615381, 2730615360, 2730615340, 2730615306, 2730615299, 3612544766, 308576247, 2730615217, 3612544683, 308576250, 2730615190, 2180797256, 2730615144, 2180797440, 2718862930, 2730615052, 2180797453, 2180797324, 2180797339, 3612544335, 4015911905, 2852998335, 6562235657, 11549005585, 2718862917, 13296005056, 2718862906, 9977004433, 2718862850, 4312194301, 7690621672, 2180797383, 12597813248, 3204282495, 3550388211, 2478095330, 12640162529, 3184183909, 12640162533, 3790371463, 2478095263, 11083481787, 12155374877, 3462876676, 11462452421, 11462344042, 2728291752, 12311833751, 11462452416, 11433604558, 3602411305, 11462430205, 2478095128, 10281908324, 10281908326, 9954348021, 3602408501, 4198405911, 3602405598, 3602405075, 2726477458, 2726477423, 2726477421, 2726477420, 2726477402, 2726477379, 2726477357, 2726477338, 2726477339, 2726477306, 2726477265, 453301529, 3602398875, 2726477195, 3654406050, 4464816361, 4464816362, 4464816358, 3602398597, 4194649976, 7655739906, 3602398483, 5112907306, 3602398379, 11510781993]",19523.77
Hyderabad,Shamshabad,2,"[3155747475, 3216932343, 11944902911, 11944902912, 5517900422, 3216902615, 1337878246, 3612561884, 7306465217, 308767051, 8348357135, 8348357133, 12399604295, 12399604292, 308767033, 743355186, 12240922356, 743355151, 11482070356, 4193142872, 3612560740, 11481855974, 3612560696, 308767049, 2233018492, 3612560483, 1320807132, 2854765772, 2854765755, 1320827348, 308767047, 308767046, 3612559936, 3612559778, 1320832344, 3612559707, 1320807149, 3612559632, 308767042, 3670020707, 1320852674, 3612559015, 3670020678, 3612558751, 3612558592, 3670020663, 11829714654, 3612558200, 2180797254, 3612557514, 308525917, 307081804, 306593136, 2461272699, 13086530379, 3791315022, 306593138, 3791315019, 306598185, 2460435099, 2461304315, 9692603762, 306598187, 3612554676, 2461299751, 308559924, 3744572489, 308559938, 6151750991, 3612554321, 12041628425, 2460435091, 2852574419, 3612553951, 308560068, 3612553262, 308560072, 3612553108, 306598229, 308560077, 3612552520, 308560087, 3612551971, 9821438937, 308560097, 9821438935, 308560108, 308560113, 10614322025, 3612550511, 308560119, 308560126, 10617607333, 308560138, 306621439, 306621441, 4246608497, 306621449, 2852505730, 306621576, 2852505600, 2852505557, 2852505524, 4193507601, 2857758279, 3612548596, 3612548606, 2852505501, 2852505490, 2852505474, 3612548040, 3612547924, 308560711, 308560713, 3612547748, 308560715, 308560717, 308560718, 2852505290, 2857751775, 2857751768, 2852505244, 3612547270, 2852505225, 308560725, 7712382694, 2857751742, 3059812986, 3059812984, 2857758222, 308560726, 2857756288, 308560760, 2852505046, 2852505040, 2857757405, 308560893, 3612546285, 2852504876, 2852504830, 308560889, 2852504808, 2857757836, 2852504558, 308560782, 308560785, 308576239, 2730615478, 2730615477, 308576240, 308576242, 3612545097, 308576244, 308576246, 2730615381, 2730615360, 2730615340, 2730615306, 2730615299, 3612544766, 308576247, 2730615217, 3612544683, 308576250, 2730615190, 2180797256, 2730615144, 2180797440, 2718862930, 2730615052, 2180797453, 2180797324, 2180797339, 3612544335, 4015911905, 2852998335, 6562235657, 11549005585, 2718862917, 13296005056, 2718862906, 9977004433, 2718862850, 4312194301, 7690621672, 2180797383, 12597813248, 3204282495, 3550388211, 2478095330, 12640162529, 3184183909, 12640162533, 3790371463, 2478095263, 11083481787, 12058565825, 9676123752, 3550386748, 3550386057, 12155374878, 12155374877, 3462876676, 11462452421, 11462344042, 2728291752, 12311833751, 11462452416, 11433604558, 3602411305, 11462430205, 2478095128, 10281908324, 10281908326, 9954348021, 3602408501, 4198405911, 3602405598, 3602405075, 2726477458, 2726477423, 2726477421, 2726477420, 2726477402, 2726477379, 2726477357, 2726477338, 2726477339, 2726477306, 2726477265, 453301529, 3602398875, 2726477195, 3654406050, 4464816361, 4464816362, 4464816358, 3602398597, 4194649976, 7655739906, 3602398483, 5112907306, 3602398379, 11510781993]",19526.0
Hyderabad,Shamshabad,3,"[3155747475, 3216932343, 11944902911, 11944902912, 5517900422, 3216902615, 1337878246, 3612561884, 7306465217, 308767051, 8348357135, 8348357133, 12399604295, 12399604292, 308767033, 743355186, 12240922356, 743355151, 11482070356, 4193142872, 3612560740, 11481855974, 3612560696, 308767049, 2233018492, 3612560483, 1320807132, 2854765772, 2854765755, 1320827348, 308767047, 308767046, 3612559936, 3612559778, 1320832344, 3612559707, 1320807149, 3612559632, 308767042, 3670020707, 1320852674, 3612559015, 3670020678, 3612558751, 3612558592, 3670020663, 11829714654, 3612558200, 2180797254, 3612557514, 308525917, 307081804, 306593136, 2461272699, 13086530379, 3791315022, 306593138, 3791315019, 306598185, 2460435099, 2461304315, 9692603762, 306598187, 3612554676, 2461299751, 308559924, 3744572489, 308559938, 6151750991, 3612554321, 12041628425, 2460435091, 2852574419, 3612553951, 308560068, 3612553262, 308560072, 3612553108, 306598229, 308560077, 3612552520, 308560087, 3612551971, 9821438937, 308560097, 9821438935, 308560108, 308560113, 10614322025, 3612550511, 308560119, 308560126, 10617607333, 308560138, 306621439, 306621441, 4246608497, 306621449, 2852505730, 306621576, 2852505600, 2852505557, 2852505524, 4193507601, 2857758279, 3612548596, 3612548606, 2852505501, 2852505490, 2852505474, 3612548040, 3612547924, 308560711, 308560713, 3612547748, 308560715, 308560717, 308560718, 2852505290, 2857751775, 2857751768, 2852505244, 3612547270, 2852505225, 308560725, 7712382694, 2857751742, 3059812986, 3059812984, 2857758222, 308560726, 2857756288, 308560760, 2852505046, 2852505040, 2857757405, 308560893, 3612546285, 2852504876, 2852504830, 308560889, 2852504808, 2857757836, 2852504558, 308560782, 308560785, 308576239, 2730615478, 2730615477, 308576240, 308576242, 3612545097, 308576244, 308576246, 2730615381, 2730615360, 2730615340, 2730615306, 2730615299, 3612544766, 308576247, 2730615217, 3612544683, 308576250, 2730615190, 2180797256, 2730615144, 2180797440, 2718862930, 2730615052, 2180797453, 2180797324, 2180797339, 3612544335, 4015911905, 2852998335, 6562235657, 11549005585, 2718862917, 13296005056, 2718862906, 9977004433, 2718862850, 4312194301, 7690621672, 2180797383, 12597813248, 3204282495, 3550388211, 2478095330, 12640162529, 3184183909, 12640162533, 3790371463, 2478095263, 11083481787, 12058565825, 9676123752, 3550386748, 3550386057, 12155374878, 3550385995, 3550385856, 11299216180, 4206712101, 11462452425, 3670018846, 3670018844, 13296042121, 13296042106, 13296042117, 11462344044, 11462344042, 2728291752, 12311833751, 11462452416, 11433604558, 3602411305, 11462430205, 2478095128, 10281908324, 10281908326, 9954348021, 3602408501, 4198405911, 3602405598, 3602405075, 2726477458, 2726477423, 2726477421, 2726477420, 2726477402, 2726477379, 2726477357, 2726477338, 2726477339, 2726477306, 2726477265, 453301529, 3602398875, 2726477195, 3654406050, 4464816361, 4464816362, 4464816358, 3602398597, 4194649976, 7655739906, 3602398483, 5112907306, 3602398379, 11510781993]",19526.5
Hyderabad,HITEC City,1,"[3155747475, 11944902908, 308777203, 11043309758, 308777199, 308767053, 6521527204, 12506637114, 308777197, 3612563518, 308777195, 3612563938, 308775908, 3164426481, 3612564696, 4254130658, 3612564909, 1320755933, 3496946850, 3496498491, 1320754892, 1320754387, 308777133, 308777135, 6444478907, 308777137, 1641566575, 1641566577, 1320750306, 1320750300, 1320752132, 1320752165, 12084480909, 1320752155, 728906959, 2847634238, 3612566953, 2847561532, 2847561536, 11038805792, 308775892, 2847561560, 1932919401, 2847561570, 2847634542, 308775854, 3180189268, 3100002634, 1932927589, 3146936762, 3146936760, 6443117914, 2177311086, 289916818, 289917123, 2177311125, 289917156, 3612570328, 6372012812, 3207154720, 2177311054, 7097856737, 4343145647, 1779032143, 2177311064, 1820079735, 8484916131, 2177311082, 3612570325, 3612570318, 3133963355, 2177311045, 2177311055, 10578470385, 10578470389, 309713885, 741548064, 3145250160, 3145250162, 3145250149, 2857758747, 7712916956, 3145250169, 6514122477, 3145250156, 4180257594, 3167938399, 3166130726, 3146860418, 3182050121, 3146860411, 3612574877, 739173411, 739173410, 739173408, 739173406, 5596048150, 5596048148, 4244026190, 1324181831, 739173401, 1324180499, 1324191681, 1324179768, 739173397, 739173395, 3612575497, 3612575501, 739178396, 3612575187, 3612575180, 1324174925, 3612575507, 1324174927, 3612575531, 1324174924, 3547295162, 1324175190, 3547295173, 1324175188, 3547295307, 3547295315, 3547295319, 3547295320, 3547295323, 739174349, 739174348, 739178343, 3547295644, 724089353, 739178341, 7682662062, 7682662069, 7682662072, 7682662074, 7682662075, 7682662077, 3633854946, 1883393751, 289663545, 289663535, 1883393754, 3180327759, 5985024306, 5998182246, 3602300080, 3602300110, 3178334062, 3178328693, 1948637902, 3079129737, 1948637923, 1948637899, 6438321294, 1948637918, 6149782988, 1948637903, 1948662052, 3602301239, 5675269237, 3602301304, 1948637906, 11689992543, 1948662053, 5499173937, 1836662477, 3171916883, 3171916884, 3602302832, 10056088658, 7008311424, 7008311426, 7013309438, 3174354956, 11801726197, 7043254434, 1323562647, 1323559926, 3602303984, 1323534092, 3602304117, 3382684734, 7028056158, 1323526563, 1302054067, 1302060124, 1302063231]",14870.2
Hyderabad,HITEC City,2,"[3155747475, 11944902908, 308777203, 11043309758, 308777199, 308767053, 6521527204, 12506637114, 308777197, 3612563518, 308777195, 3612563938, 308775908, 3164426481, 3612564696, 4254130658, 3612564909, 1320755933, 3496946850, 3496498491, 1320754892, 1320754387, 308777133, 308777135, 6444478907, 308777137, 1641566575, 1641566577, 1320750306, 1320750300, 1320752132, 1320752165, 12084480909, 1320752155, 728906959, 2847634238, 3612566953, 2847561532, 2847561536, 11038805792, 308775892, 2847561560, 1932919401, 2847561570, 2847634542, 308775854, 3180189268, 3100002634, 1932927589, 3146936762, 3146936760, 6443117914, 2177311086, 289916818, 289917123, 2177311125, 289917156, 3612570328, 6372012812, 3207154720, 2177311054, 7097856737, 4343145647, 1779032143, 2177311064, 1820079735, 8484916131, 2177311082, 3612570325, 3612570318, 3133963355, 2177311045, 2177311055, 10578470385, 10578470389, 309713885, 741548064, 3145250160, 3145250162, 3145250149, 2857758747, 7712916956, 3145250169, 6514122477, 3145250156, 4180257594, 3167938399, 3166130726, 3146860418, 3182050121, 3146860411, 3612574877, 739173411, 739173410, 739173408, 11502692292, 7682662029, 9838196103, 7682662032, 12635231658, 7682662019, 7682662035, 7682662039, 7682662040, 11152266116, 7682662018, 7682662017, 7682662046, 7682662050, 7682662053, 7682662016, 309713765, 6442736139, 356344917, 7682792649, 6443042047, 356344910, 11066247018, 356344644, 3602298185, 356344895, 356344723, 3602298698, 356344733, 356344735, 356344738, 356344794, 356344798, 4196863454, 11043435783, 3602298885, 11043435777, 6506493389, 356344767, 356344773, 3180327759, 5985024306, 5998182246, 3602300080, 3602300110, 3178334062, 3178328693, 1948637902, 3079129737, 1948637923, 1948637899, 6438321294, 1948637918, 6149782988, 1948637903, 1948662052, 3602301239, 5675269237, 3602301304, 1948637906, 11689992543, 1948662053, 5499173937, 1836662477, 3171916883, 3171916884, 3602302832, 10056088658, 7008311424, 7008311426, 7013309438, 3174354956, 11801726197, 7043254434, 1323562647, 1323559926, 3602303984, 1323534092, 3602304117, 3382684734, 7028056158, 1323526563, 1302054067, 1302060124, 1302063231]",14871.49
Hyderabad,HITEC City,3,"[3155747475, 11944902908, 308777203, 11043309758, 308777199, 308767053, 6521527204, 12506637114, 308777197, 3612563518, 308777195, 3612563938, 308775908, 3164426481, 3612564696, 4254130658, 3612564909, 1320755933, 3496946850, 3496498491, 1320754892, 1320754387, 308777133, 308777135, 6444478907, 308777137, 1641566575, 1641566577, 1320750306, 1320750300, 1320752132, 1320752165, 12084480909, 1320752155, 728906959, 2847634238, 3612566953, 2847561532, 2847561536, 11038805792, 308775892, 2847561560, 1932919401, 2847561570, 2847634542, 308775854, 3180189268, 3100002634, 1932927589, 3146936762, 3146936760, 6443117914, 2177311086, 289916818, 289917123, 2177311125, 289917156, 3612570328, 6372012812, 3207154720, 2177311054, 7097856737, 4343145647, 1779032143, 2177311064, 1820079735, 8484916131, 2177311082, 3612570325, 3612570318, 3133963355, 2177311045, 2177311055, 10578470385, 10578470389, 309713885, 741548064, 3145250160, 3145250162, 3145250149, 2857758747, 7712916956, 3145250169, 6514122477, 3145250156, 4180257594, 3167938399, 3166130726, 3146860418, 3182050121, 3146860411, 3612574877, 739173411, 739173410, 739173408, 739173406, 5596048150, 5596048148, 4244026190, 1324181831, 739173401, 1324180499, 1324191681, 1324179768, 739173397, 739173395, 3612575497, 3612575501, 739178396, 3612575187, 3612575180, 1324174925, 3612575507, 1324174927, 3612575531, 1324174924, 3547295162, 1324175190, 3547295173, 1324175188, 3547295307, 3547295315, 3547295319, 3547295320, 3547295323, 739174349, 739174348, 739178343, 3547295644, 724089353, 739178341, 7682662062, 7682662069, 7682662072, 7682662074, 7682662075, 7682662077, 3633854946, 1883393751, 289663545, 289663535, 1883393754, 3180327759, 5985024306, 5998182246, 3602300080, 3602300110, 3178334062, 3178328693, 1948637902, 3079129737, 1948637923, 1948637899, 6438321294, 1948637918, 6149782988, 1948637903, 1948662052, 3602301239, 5675269237, 3602301304, 1948637906, 11689992543, 1948662053, 5499173937, 1836662477, 3171916883, 3171916884, 3602302832, 10056088658, 7008311424, 7008311426, 7013309438, 3174354956, 11801726197, 7043254434, 1323562647, 1323559926, 3602303984, 1323534092, 3602304117, 3382684734, 7028056158, 1323526563, 1302054067, 1302063233, 1302063229, 1302063231]",14872.66
Hyderabad,Secunderabad,1,"[3155747475, 11944902908, 308777203, 11043309758, 308777199, 308767053, 6521527204, 12506637114, 308777197, 3612563518, 308777195, 3612563938, 308775908, 3612564676, 1320755822, 3612565496, 308783009, 308783010, 308783011, 11947637490, 11947637491, 11564229699, 11947637495, 11564229710, 11947637510, 308777128, 3612566713, 12725207818, 308792873, 2847634140, 3612567314, 2847634506, 3180195197, 11219686998, 727280230, 308783189, 4315514369, 3158879059, 308783170, 308783169, 308783168, 2857520303, 308944678, 308944679, 3612570747, 315058917, 308944689, 3612571477, 315058918, 308944683, 308944684, 3216907316, 3612572239, 2962943254, 308944690, 308944691, 5486709282, 308795901, 3612573513, 315060309, 3612573944, 308938386, 4262209007, 308942957, 308942951, 308938344, 6528302158, 308943017, 308943018, 308943023, 308938346, 308943024, 308938347, 3598253792, 3598254141, 1404688837, 1404703875, 1404703873, 1404702397, 2855063355, 1404702418, 2855063372, 2855063386, 1404702408, 1404706630, 3598255029, 2855063818, 3598255068, 3598255193, 3598255331, 3598255394, 308795936, 2855063877, 2855064031, 4182402956, 364666887, 364666971, 364666882, 364666868, 364666849, 364666844, 3205568901, 11138928450, 3790504683, 3166095702, 11978145691, 9625504656, 308796043, 3166095711, 308952079, 308952081, 2855064071, 2855064088, 2855065412, 2855065411, 7761467896, 7761467897, 2857563651, 308952120, 2859484269, 11137725757, 308952118, 2859484293, 3598258903, 3670021933, 3598259223, 308952116, 3598259599]",7186.59
Hyderabad,Secunderabad,2,"[3155747475, 11944902908, 308777203, 11043309758, 308777199, 308767053, 6521527204, 12506637114, 308777197, 3612563518, 308777195, 3612563938, 308775908, 3612564676, 1320755822, 3612565496, 308783009, 308783010, 308783011, 11947637490, 11947637491, 11564229699, 11947637495, 11564229710, 11947637510, 308777128, 3612566713, 12725207818, 308792873, 2847634140, 3612567314, 2847634506, 3180195197, 11219686998, 727280230, 308783189, 4315514369, 3158879059, 308783170, 308783169, 308783168, 2857520303, 308944678, 308944679, 3612570747, 315058917, 308944689, 3612571477, 315058918, 308944683, 308944684, 3216907316, 3612572239, 2962943254, 308944690, 308944691, 5486709282, 308795901, 3612573513, 315060309, 3612573944, 308938386, 4262209007, 308942957, 308942951, 308938344, 6528302158, 308943017, 308943018, 308943023, 308938346, 308943024, 308938347, 3598253792, 3598254141, 3598254366, 1404703875, 1404703873, 1404702397, 2855063355, 1404702418, 2855063372, 2855063386, 1404702408, 1404706630, 3598255029, 2855063818, 3598255068, 3598255193, 3598255331, 3598255394, 308795936, 2855063877, 2855064031, 4182402956, 364666887, 364666971, 364666882, 364666868, 364666849, 364666844, 3205568901, 11138928450, 3790504683, 3166095702, 11978145691, 9625504656, 308796043, 3166095711, 308952079, 308952081, 2855064071, 2855064088, 2855065412, 2855065411, 7761467896, 7761467897, 2857563651, 308952120, 2859484269, 11137725757, 308952118, 2859484293, 3598258903, 3670021933, 3598259223, 308952116, 3598259599]",7191.08
Hyderabad,Secunderabad,3,"[3155747475, 11944902908, 308777203, 11043309758, 308777199, 308767053, 6521527204, 12506637114, 308777197, 3612563518, 308777195, 3612563938, 308775908, 3612564676, 1320755822, 3612565496, 308783009, 308783010, 308783011, 11947637490, 11947637491, 11564229699, 11947637495, 11564229710, 11947637510, 308777128, 3612566713, 12725207818, 308792873, 2847634140, 3612567314, 2847634506, 3180195197, 11219686998, 727280230, 308783189, 4315514369, 3158879059, 308783170, 308783169, 308783168, 2857520303, 308944678, 308944679, 3612570747, 315058917, 308944689, 3612571477, 315058918, 308944683, 308944684, 3216907316, 3612572239, 2962943254, 308944690, 308944691, 5486709282, 308795901, 3612573513, 315060309, 3612573944, 308938386, 4262209007, 308942957, 308942951, 308938344, 6528302158, 308943017, 308943018, 308943023, 308938346, 308943024, 308938347, 3598253792, 3598254141, 1404688837, 1404703875, 1404703873, 1404702397, 2855063355, 1404702418, 2855063372, 2855063386, 1404702408, 1404706630, 3598255029, 2855063818, 3598255068, 3598255193, 3598255331, 3598255394, 308795936, 2855063877, 2855064031, 4182402956, 364666887, 364666971, 364666882, 364666868, 364666849, 364666844, 3205568901, 11138928450, 3790504683, 3166095702, 11978145691, 9625504656, 308796043, 3166095711, 308952079, 308952081, 2855064071, 2855064088, 2855064085, 3598257713, 2855065411, 7761467896, 7761467897, 2857563651, 308952120, 2859484269, 11137725757, 308952118, 2859484293, 3598258903, 3670021933, 3598259223, 308952116, 3598259599]",7206.88