source,destination,route_id,positions_sampled,traffic_distance_m,traffic_duration_min,no_traffic_duration_min,date,temp,tempmin,tempmax,humidity,windspeed,precip,conditions,weekday,is_weekend,traffic_pressure,traffic_efficiency,month,day
Hyderabad,Gachibowli,1,8,19509.128244035477,53.063320872641526,,,19.962175067041315,14.3,25.9,52.61469964705877,12.772712673185644,0.0,Clear,,0,18.2485615220522,367.6575066015898,,
Hyderabad,Gachibowli,1,8,19185.782170080234,51.92419454912155,,,18.997833277557273,13.6,25.7,53.95747560445205,12.716808331487375,0.0,Clear,,0,17.928088709974244,369.4959996332734,,
Hyderabad,Gachibowli,1,8,19369.57190131994,53.71846643022386,,,19.77495974389458,14.1,26.0,55.93076704299888,15.501472050375703,0.0,Partially cloudy,,0,18.784302474964704,360.57566770785456,,
Hyderabad,Gachibowli,1,8,19570.422551466378,56.17062380207114,,,20.49374364058044,15.6,26.5,57.80890682673523,11.82940930160209,0.0,Partially cloudy,,0,19.190306207316254,348.4102761690315,,
Hyderabad,Gachibowli,1,8,19199.381722523824,55.36095390879878,,,20.710261853228324,16.8,27.3,57.002869276099936,12.100348042387784,0.0,Partially cloudy,,0,18.95837836240041,346.80366516358697,,
Hyderabad,Gachibowli,1,8,19294.36932256137,53.677003306625394,,,20.484890464490086,15.8,27.4,50.54992622822334,13.020454025187824,0.0,Clear,,0,18.416144919070867,359.4531761086568,,
Hyderabad,Gachibowli,1,8,19726.059723654485,55.322519488820205,,,20.309080829799857,15.1,27.5,52.32846547396574,12.44410725629075,0.0,Partially cloudy,,0,18.887735881754452,356.56473902351473,,
Hyderabad,Gachibowli,1,8,19398.666900113036,54.434240436496225,,,21.29517131750201,16.1,28.1,53.6887874218747,12.30557657475167,0.0,Partially cloudy,,0,18.634605536861528,356.36883594883267,,
Hyderabad,Gachibowli,1,8,19285.45805856203,55.552035558812406,,,21.719691127470096,17.4,27.5,52.993982587013946,12.49184102395723,0.0,Partially cloudy,,0,18.974674421779724,347.1602411066414,,
Hyderabad,Gachibowli,1,8,19477.120384922833,51.64014898958673,,,21.552621977970606,19.0,26.2,56.02492139263148,13.966552090529527,0.0,Overcast,,0,18.0091983337816,377.1701043862288,,
Hyderabad,Gachibowli,1,8,19444.382857496345,54.85038209578498,,,21.36190890692853,17.5,26.3,58.403463481823074,17.235920564673993,0.0,Overcast,,0,19.346775954839355,354.49858532508864,,
Hyderabad,Gachibowli,1,8,19808.85871971437,54.680982038495074,,,21.258884052525797,17.3,27.3,53.68758632974933,19.773081715560107,0.0,Partially cloudy,,0,19.455354509699518,362.26230731864064,,
Hyderabad,Gachibowli,1,8,19458.932769081723,53.01076040366349,,,19.7152372454047,15.8,26.3,49.675471356012864,23.620954583221753,0.0,Overcast,,0,19.25883300654148,367.07514891140755,,
Hyderabad,Gachibowli,1,8,19964.797593492538,54.35957190900023,,,19.07728423778278,14.9,25.6,50.64446070437281,21.06664382376954,0.0,Overcast,,0,19.42742516916448,367.27289955326154,,
Hyderabad,Gachibowli,2,8,19926.53018769501,53.59659727764657,,,19.941696526592985,14.3,25.9,54.314795461737006,13.741742026772824,0.0,Clear,,0,18.539449295205994,371.7872253059194,,
Hyderabad,Gachibowli,2,8,19595.213185818866,54.233072711408745,,,18.922744423568062,13.6,25.7,53.39267249917534,12.255605796891585,0.0,Clear,,0,18.563335843095288,361.3148251822493,,
Hyderabad,Gachibowli,2,8,19472.928098914137,54.641051508669314,,,18.906036738255995,13.9,25.6,53.456500319340094,14.739525284399326,0.0,Partially cloudy,,0,18.935397987427528,356.3790879065454,,
Hyderabad,Gachibowli,2,8,19244.372495954558,55.16121089296637,,,19.56130803538092,14.1,26.0,55.832303908297014,14.442547752820476,0.0,Partially cloudy,,0,19.1092641213379,348.8750914713588,,
Hyderabad,Gachibowli,2,8,19969.77327776597,56.380248997192645,,,20.330441900578638,15.6,26.5,55.781109815712526,11.711330448841135,0.0,Partially cloudy,,0,19.200829940356158,354.1980326968816,,
Hyderabad,Gachibowli,2,8,19125.16151960346,54.73305056898168,,,21.059588978029705,16.8,27.3,57.790034114209405,13.078385294340425,0.0,Partially cloudy,,0,18.883554382412736,349.42619351171476,,
Hyderabad,Gachibowli,2,8,19022.622216574444,54.22188915054066,,,20.785607111843817,15.8,27.4,50.84619809609672,12.894743758113854,0.0,Clear,,0,18.572965082895518,350.82920412013647,,
Hyderabad,Gachibowli,2,8,19716.86482198833,53.83206486430309,,,20.35318396970204,15.1,27.5,51.56768543167276,13.711542762429922,0.0,Partially cloudy,,0,18.552127444167375,366.26618116339245,,
Hyderabad,Gachibowli,2,8,20055.730395291823,53.818444619537836,,,20.873839517315744,16.1,28.1,50.418565014388676,11.392616561832005,0.0,Partially cloudy,,0,18.293166342332324,372.6553328895526,,
Hyderabad,Gachibowli,2,8,19854.731792363084,53.15539737454077,,,21.81629901471022,17.4,27.5,53.62221579298081,13.936919516791765,0.0,Partially cloudy,,0,18.412755479901023,373.522403613385,,
Hyderabad,Gachibowli,2,8,20128.946165005495,53.11065325938552,,,21.811025955475046,19.0,26.2,55.14596831768508,14.279947815018831,0.0,Overcast,,0,18.46411012567124,379.00016154383076,,
Hyderabad,Gachibowli,2,8,19229.507279424794,52.90971480772874,,,21.264947476949267,17.5,26.3,55.9753093081267,18.380043087915162,0.0,Overcast,,0,18.83042493727267,363.44001001146694,,
Hyderabad,Gachibowli,2,8,19614.361942694177,54.92706470066216,,,21.433378918863767,17.3,27.3,52.4502680390548,19.64882695443964,0.0,Partially cloudy,,0,19.492007466423708,357.0983093596429,,
Hyderabad,Gachibowli,2,8,19351.095159401026,54.995840933648275,,,19.730873813818828,15.8,26.3,47.69120642644375,24.19975781374128,0.0,Overcast,,0,19.872552189997485,351.86470160076027,,
Hyderabad,Gachibowli,2,8,20285.393270274235,52.534333433477116,,,19.75988145521388,14.9,25.6,48.0424343027536,20.433700469031884,0.0,Overcast,,0,18.764518763001394,386.1359218721431,,
Hyderabad,Gachibowli,3,8,19144.035886688263,51.931080214248425,,,20.054540658653497,14.3,25.9,54.72807139426943,13.20146843074679,0.0,Clear,,0,17.994032335234593,368.6431286949367,,
Hyderabad,Gachibowli,3,8,19538.594064140285,53.77205832679595,,,18.884631407178443,13.6,25.7,53.88105454354806,12.73460302462087,0.0,Clear,,0,18.482698891371832,363.3596085423369,,
Hyderabad,Gachibowli,3,8,19189.538814288117,53.68365398976098,,,19.016749974220286,13.9,25.6,54.18236937194644,15.444735099994315,0.0,Partially cloudy,,0,18.733217094366655,357.45589929381697,,
Hyderabad,Gachibowli,3,8,19936.192846815233,56.34629001948809,,,19.624269129696057,14.1,26.0,55.6549763132055,14.280983581683245,0.0,Partially cloudy,,0,19.44508489027886,353.815536744656,,
Hyderabad,Gachibowli,3,8,19347.709150642004,53.42824442656799,,,20.38494300143033,15.6,26.5,54.585842247815144,11.403551356527792,0.0,Partially cloudy,,0,18.260545308579477,362.1251148768996,,
Hyderabad,Gachibowli,3,8,19814.781427179678,53.239217752093985,,,20.83287462055294,16.8,27.3,54.59467477571372,12.182409316998202,0.0,Partially cloudy,,0,18.28189975284229,372.18393251843617,,
Hyderabad,Gachibowli,3,8,19060.038577818406,53.753033175488625,,,20.329305780138917,15.8,27.4,51.795748546603754,14.330898277368199,0.0,Clear,,0,18.594914751315482,354.58535922229186,,
Hyderabad,Gachibowli,3,8,19699.417457653555,54.65612185307706,,,20.049741871168983,15.1,27.5,53.21175824677812,12.892861655659003,0.0,Partially cloudy,,0,18.750357886424577,360.42472077708356,,
Hyderabad,Gachibowli,3,8,19734.175125538844,55.42397964324281,,,21.37371261532448,16.1,28.1,50.9852634235697,12.758732618022579,0.0,Partially cloudy,,0,18.922772423246492,356.05842908728766,,
Hyderabad,Gachibowli,3,8,19335.504182087054,54.4454153631937,,,22.019971372872792,17.4,27.5,52.355929599095184,12.894844631861663,0.0,Partially cloudy,,0,18.67022766412618,355.1355803441676,,
Hyderabad,Gachibowli,3,8,19539.59899566933,52.5471653566128,,,21.661252991894337,19.0,26.2,54.01906713467404,14.391914533861167,0.0,Overcast,,0,18.283722403063436,371.84877363152316,,
Hyderabad,Gachibowli,3,8,19403.529072738413,54.44254702850449,,,21.1031553004461,17.5,26.3,56.03453836735551,18.5727897346221,0.0,Overcast,,0,19.31073384936067,356.40377116411,,
Hyderabad,Gachibowli,3,8,19517.938264533917,56.1570930788933,,,21.39273375557496,17.3,27.3,51.30441067831453,19.5216647294514,0.0,Partially cloudy,,0,19.825382610179417,347.5596259427779,,
Hyderabad,Gachibowli,3,8,19754.075137647244,51.90067127003261,,,19.642383482545174,15.8,26.3,49.38106005433075,23.406540226569447,0.0,Overcast,,0,18.89847660475334,380.61309525014224,,
Hyderabad,Gachibowli,3,8,19581.075805757882,52.94558913644292,,,19.31397895692211,14.9,25.6,48.98749464275292,20.872503206499424,0.0,Overcast,,0,18.950676954437878,369.8339394297164,,
Hyderabad,LB Nagar,1,8,17718.094144069957,53.188339272143075,,,19.486153321040277,14.2,25.0,56.40959412762197,11.292683649519324,0.0,Clear,,0,18.213962029147293,333.11989782974206,,
Hyderabad,LB Nagar,1,8,17504.190570326813,52.97862524451151,,,18.5405875049366,13.9,24.8,58.04844910378236,12.22228188287295,0.0,Clear,,0,18.276784743716398,330.40099643091844,,
Hyderabad,LB Nagar,1,8,17525.96450674735,54.130770608305816,,,18.609552358598293,13.9,25.1,57.23695069428864,15.556182006208509,0.0,Partially cloudy,,0,18.939588396998367,323.77082960016406,,
Hyderabad,LB Nagar,1,8,17476.729657948923,53.506956012996184,,,19.191382466684733,14.3,25.3,57.5711843946599,15.969345017522475,0.0,Partially cloudy,,0,18.800444993544303,326.62537659036406,,
Hyderabad,LB Nagar,1,8,17858.17254697115,53.04800137698176,,,20.071553861154907,16.0,25.3,59.375155517871896,13.540219902592083,0.0,Partially cloudy,,0,18.455925513711172,336.641759980048,,
Hyderabad,LB Nagar,1,8,16911.25425798606,56.701490907964455,,,21.108520893587514,16.8,26.5,56.08366471393179,11.673675894788724,0.0,Partially cloudy,,0,19.299488156146843,298.2506101195067,,
Hyderabad,LB Nagar,1,8,17089.161426092345,53.447638614579354,,,20.126874181018348,15.8,27.0,54.50812238830622,12.300797113664276,0.0,Clear,,0,18.354533743506355,319.7365097703455,,
Hyderabad,LB Nagar,1,8,17227.341577136078,54.729359892175424,,,19.6186431735382,15.2,26.2,56.61386334034818,12.671544612539801,0.0,Partially cloudy,,0,18.81823969571357,314.77330652279466,,
Hyderabad,LB Nagar,1,8,17821.207904669936,53.23015951075806,,,20.725691523766432,15.9,27.0,56.8460858271582,14.481841130518928,0.0,Partially cloudy,,0,18.554153682822474,334.7953128163779,,
Hyderabad,LB Nagar,1,8,17654.21249633198,53.31772083737328,,,21.30878746123482,17.8,27.1,55.97316384086253,12.566943417833771,0.0,Partially cloudy,,0,18.37147386981261,331.1134125590227,,
Hyderabad,LB Nagar,1,8,17308.09033579547,54.148104289771915,,,21.23612376895645,18.8,25.0,60.41892558035445,14.837920800611489,0.0,Overcast,,0,18.93660187859981,319.64351407709046,,
Hyderabad,LB Nagar,1,8,17380.928351839677,55.15305501195797,,,20.53770352511479,17.4,25.9,58.84001358451066,16.550871505761023,0.0,Overcast,,0,19.377803925853705,315.1399020067201,,
Hyderabad,LB Nagar,1,8,17524.00815384902,53.499645005566926,,,21.625961062393507,17.8,27.4,49.97385442901252,19.249973444651047,0.0,Partially cloudy,,0,18.97436793471543,327.55372773082047,,
Hyderabad,LB Nagar,1,8,17245.0031381525,54.53476305238557,,,20.388433237786188,17.2,25.8,45.59817298555261,23.60225950696795,0.0,Overcast,,0,19.632618326123517,316.22037344486336,,
Hyderabad,LB Nagar,1,8,17420.328670108836,53.13062114979353,,,20.33728202164764,16.2,26.5,46.925640865780416,20.276633302536247,0.0,Overcast,,0,18.90536249250729,327.87737641905085,,
Hyderabad,LB Nagar,2,8,17402.05582612027,53.4753953275153,,,19.518841853684187,14.2,25.0,56.76646773593378,12.723872127293628,0.0,Clear,,0,18.450335165702626,325.4217331080897,,
Hyderabad,LB Nagar,2,8,17209.331300618993,55.002623780311566,,,18.519785459658138,13.9,24.8,59.36240396237964,11.277470629312099,0.0,Clear,,0,18.81578227627227,312.8820066721826,,
Hyderabad,LB Nagar,2,8,17502.207280402858,53.69329480012656,,,18.67747284149576,13.9,25.1,58.27233764996027,14.760726808815058,0.0,Partially cloudy,,0,18.74950787391868,325.96634916063306,,
Hyderabad,LB Nagar,2,8,17724.88909042441,54.326718471413706,,,19.280237278022206,14.3,25.3,57.41875087077762,15.079948668740741,0.0,Partially cloudy,,0,18.95438542571374,326.2646739789945,,
Hyderabad,LB Nagar,2,8,17477.923604200994,53.54053533211983,,,19.888951623674362,16.0,25.3,60.18986548422179,13.76121363033557,0.0,Partially cloudy,,0,18.642079272353943,326.4428249695835,,
Hyderabad,LB Nagar,2,8,17439.666948339942,53.877887120255274,,,20.434909822818355,16.8,26.5,57.40071493865982,11.81842101391909,0.0,Partially cloudy,,0,18.49322253624169,323.68876881557475,,
Hyderabad,LB Nagar,2,8,17353.26559695302,55.880814332403055,,,20.50048694927972,15.8,27.0,54.05479271894485,11.991326213827698,0.0,Clear,,0,19.044472775482582,310.5406713246581,,
Hyderabad,LB Nagar,2,8,17972.215997183084,53.494750315855,,,20.024908304448047,15.2,26.2,57.35048312389277,12.334575866152536,0.0,Partially cloudy,,0,18.428892343849608,335.9622372488465,,
Hyderabad,LB Nagar,2,8,17767.144170795305,53.9495351840188,,,20.751903356935447,15.9,27.0,57.361780903388755,12.74068351544103,0.0,Partially cloudy,,0,18.606164524817515,329.32895733378587,,
Hyderabad,LB Nagar,2,8,17705.47281288296,54.02721949509267,,,21.413899212037936,17.8,27.1,54.5846384672293,12.513533760138511,0.0,Partially cloudy,,0,18.551211993886238,327.7139371292494,,
Hyderabad,LB Nagar,2,8,17407.9995471429,51.412767513530014,,,20.953845486200365,18.8,25.0,59.96697128820848,14.893793600780324,0.0,Overcast,,0,18.112549039901207,338.59292913110994,,
Hyderabad,LB Nagar,2,8,16947.53013075278,55.37639376655842,,,20.936226138665955,17.4,25.9,57.638970924942626,17.164378456598406,0.0,Overcast,,0,19.482135394126217,306.0425025543524,,
Hyderabad,LB Nagar,2,8,17486.72993990345,53.70759052299476,,,21.527512420128335,17.8,27.4,53.22568377785457,19.49164134262702,0.0,Partially cloudy,,0,19.12595496671822,325.5914065334313,,
Hyderabad,LB Nagar,2,8,17638.961070679637,54.006148311170286,,,20.26672062651485,17.2,25.8,45.15188256096841,23.89025860475295,0.0,Overcast,,0,19.49390800504575,326.61024017206773,,
Hyderabad,LB Nagar,2,8,17793.66922871933,54.73345444784123,,,20.132247845669287,16.2,26.5,47.820339177008044,20.259328553010498,0.0,Overcast,,0,19.40237597319358,325.0967695758355,,
Hyderabad,LB Nagar,3,8,17481.803810730013,54.26881624115045,,,19.62234467230734,14.2,25.0,57.570801945859465,11.984706222624883,0.0,Clear,,0,18.630531533524813,322.13350173417035,,
Hyderabad,LB Nagar,3,8,17592.738524152035,54.59390620861765,,,18.610979868627094,13.9,24.8,59.216601914487995,12.872323411841865,0.0,Clear,,0,18.84973624205924,322.2472936251449,,
Hyderabad,LB Nagar,3,8,17213.76054227692,54.60043072005755,,,18.957722077991296,13.9,25.1,58.559014812684936,15.091800974494127,0.0,Partially cloudy,,0,19.060489609720378,315.2678525657384,,
Hyderabad,LB Nagar,3,8,17795.724313985735,55.333972005968754,,,18.85664131745039,14.3,25.3,57.937716971095554,15.372315922420217,0.0,Partially cloudy,,0,19.29617753345456,321.6057634912988,,
Hyderabad,LB Nagar,3,8,17360.747589523904,54.90041298268623,,,19.647690724255078,16.0,25.3,57.618970993481554,13.421376126769086,0.0,Partially cloudy,,0,18.964640927352406,316.2225317867629,,
Hyderabad,LB Nagar,3,8,17518.87890683872,56.010062897497555,,,20.391020429322364,16.8,26.5,58.45644089596335,11.674568627033398,0.0,Partially cloudy,,0,19.13960454987187,312.78091829497725,,
Hyderabad,LB Nagar,3,8,17406.367926090246,53.17893626983112,,,20.235331417527046,15.8,27.0,54.11722877210971,11.795140758080567,0.0,Clear,,0,18.215539532199585,327.3169632008046,,
Hyderabad,LB Nagar,3,8,17746.184054124227,54.46317200171291,,,19.841562305750934,15.2,26.2,55.299867651324845,13.605929080510084,0.0,Partially cloudy,,0,18.80554186159138,325.83823897671795,,
Hyderabad,LB Nagar,3,8,17300.110208463164,54.26283406119193,,,20.393679352153228,15.9,27.0,56.613067576851904,12.559853174055842,0.0,Partially cloudy,,0,18.667096887300204,318.8206165006773,,
Hyderabad,LB Nagar,3,8,17197.29920657725,54.559974512801915,,,21.587213459507414,17.8,27.1,54.56737003052198,13.112871039635497,0.0,Partially cloudy,,0,18.770626858414563,315.1999127591617,,
Hyderabad,LB Nagar,3,8,17029.550890072867,56.59529317126634,,,20.53572433652049,18.8,25.0,59.27771245609616,15.264200550356206,0.0,Overcast,,0,19.690562255537444,300.90048016075724,,
Hyderabad,LB Nagar,3,8,17747.048614197796,55.01360068431087,,,21.070700555197185,17.4,25.9,58.41214616485373,17.14983464551786,0.0,Overcast,,0,19.38730659314212,322.59383849526887,,
Hyderabad,LB Nagar,3,8,17668.29181288557,52.275068873390694,,,21.491757241274346,17.8,27.4,53.63634967221196,19.787678996775647,0.0,Partially cloudy,,0,18.73401555513901,337.9869638369653,,
Hyderabad,LB Nagar,3,8,17415.30548529071,55.87250951165341,,,20.646540426421783,17.2,25.8,46.00043499079281,23.930133666545593,0.0,Overcast,,0,20.07477491996644,311.69721277077014,,
Hyderabad,LB Nagar,3,8,17663.99639486616,53.120880602181884,,,20.172658460258443,16.2,26.5,48.426687033165116,19.89232912686945,0.0,Overcast,,0,18.894030834004813,332.52454015494294,,
Hyderabad,Miyapur,1,8,21442.70278442129,63.205925046908646,,,20.193045353852007,14.3,25.9,54.36320982202528,12.09662844408086,0.0,Clear,,0,21.258704554921184,339.2514668285839,,
Hyderabad,Miyapur,1,8,20925.426037196885,63.493657629887856,,,19.313622139943607,13.6,25.7,54.05089353140416,12.527970998466012,0.0,Clear,,0,21.38191225944104,329.56718542147473,,
Hyderabad,Miyapur,1,8,21404.214873817313,64.85346707284734,,,18.78591694979011,13.9,25.6,55.32704383504949,15.751215317494092,0.0,Partially cloudy,,0,22.1377025303046,330.03963920348014,,
Hyderabad,Miyapur,1,8,21506.805973867373,64.03272944849029,,,19.21750159699672,14.1,26.0,57.13924757279709,13.672594696295363,0.0,Partially cloudy,,0,21.719863255632564,335.87207915552074,,
Hyderabad,Miyapur,1,8,21139.603368506985,62.7868020873204,,,20.495926214820244,15.6,26.5,54.946693066604865,11.264114515838138,0.0,Partially cloudy,,0,21.06138593911203,336.6886457938596,,
Hyderabad,Miyapur,1,8,21613.012203182472,63.54237818615069,,,21.160866975085426,16.8,27.3,55.30300547289942,12.87822433004658,0.0,Partially cloudy,,0,21.456595998307854,340.135399714912,,
Hyderabad,Miyapur,1,8,21677.71265771418,62.74235701810435,,,20.641635159715,15.8,27.4,51.78831135462473,14.157375678513185,0.0,Clear,,0,21.27421090037512,345.5036388170604,,
Hyderabad,Miyapur,1,8,21254.822506581815,61.986548896682585,,,20.438428591322758,15.1,27.5,50.55473818456135,13.789666943362917,0.0,Partially cloudy,,0,20.986026127032293,342.8941098496828,,
Hyderabad,Miyapur,1,8,20929.068251809284,63.9237216829435,,,20.924837930150897,16.1,28.1,50.133595992119865,12.160270944460143,0.0,Partially cloudy,,0,21.39581551917146,327.40691093700354,,
Hyderabad,Miyapur,1,8,22050.62800497631,60.05797006240161,,,21.53699997737619,17.4,27.5,52.04381270617621,13.910287254838037,0.0,Partially cloudy,,0,20.44929599832781,367.155732737307,,
Hyderabad,Miyapur,1,8,22039.38251210306,62.37040645656479,,,21.776958901819636,19.0,26.2,54.967095530257886,14.966139755918487,0.0,Overcast,,0,21.30707782316644,353.3628168264616,,
Hyderabad,Miyapur,1,8,20897.47107816509,63.74024957637557,,,21.113645664732147,17.5,26.3,56.25476561080623,18.667076552175878,0.0,Overcast,,0,22.113877840346383,327.85361238859105,,
Hyderabad,Miyapur,1,8,21364.36968973973,61.53097852595745,,,21.076198873681896,17.3,27.3,49.10057160078249,19.694987523130397,0.0,Partially cloudy,,0,21.410803742115924,347.2132282233568,,
Hyderabad,Miyapur,1,8,21669.77612870786,64.43036654792277,,,19.6229523864971,15.8,26.3,50.15028396650095,24.64594600380784,0.0,Overcast,,0,22.796710244087635,336.32861785118143,,
Hyderabad,Miyapur,1,8,21090.88143193323,63.2736470215352,,,19.374004670278747,14.9,25.6,48.57756256338951,20.174334291176617,0.0,Overcast,,0,21.97107878684601,333.32805085116945,,
Hyderabad,Miyapur,2,8,22358.21023574137,66.57207809715186,,,19.860303723645313,14.3,25.9,55.39920185127468,11.965205817242932,0.0,Clear,,0,22.27612804789534,335.84966662919777,,
Hyderabad,Miyapur,2,8,22222.65614795116,66.31850527969466,,,19.10710099918207,13.6,25.7,52.60584969646308,12.134606318666629,0.0,Clear,,0,22.16112920970432,335.08982227853784,,
Hyderabad,Miyapur,2,8,21919.564710566854,65.25989812301057,,,18.88123175278433,13.9,25.6,54.947321208784885,14.72574495511477,0.0,Partially cloudy,,0,22.149490356590345,335.88107461108706,,
Hyderabad,Miyapur,2,8,22088.21221656655,63.600615185472506,,,19.425953662640612,14.1,26.0,55.79689355451027,15.334955677097087,0.0,Partially cloudy,,0,21.729617994441664,347.2955749272671,,
Hyderabad,Miyapur,2,8,22075.34182509524,65.51947121494084,,,20.534864582920346,15.6,26.5,56.88419903180299,10.623736307310544,0.0,Partially cloudy,,0,21.855898975849364,336.92796073820045,,
Hyderabad,Miyapur,2,8,22491.5130547461,65.26126460541839,,,20.895284314214088,16.8,27.3,56.9521117208267,12.170237803932714,0.0,Partially cloudy,,0,21.934445396435322,344.638020588996,,
Hyderabad,Miyapur,2,8,22308.82087756704,64.94735835408667,,,20.793567068638406,15.8,27.4,53.335891105218735,13.1818836234776,0.0,Clear,,0,21.869113690678137,343.4908122966529,,
Hyderabad,Miyapur,2,8,21409.751744290184,66.83390709598726,,,20.548959704870033,15.1,27.5,51.34979469840691,12.422907205615932,0.0,Partially cloudy,,0,22.31945874332591,320.34266249826413,,
Hyderabad,Miyapur,2,8,21518.32138082086,65.26114895542058,,,21.394578827526246,16.1,28.1,51.738768778007795,12.034879528698001,0.0,Partially cloudy,,0,21.81660801505613,329.7263643874837,,
Hyderabad,Miyapur,2,8,21770.078142903778,64.40502237659045,,,21.65447749054063,17.4,27.5,52.172433311134924,12.807903681725724,0.0,Partially cloudy,,0,21.64574574737241,338.0183305520694,,
Hyderabad,Miyapur,2,8,21774.40581923498,66.61092357378129,,,21.941764962988767,19.0,26.2,55.271803825339404,13.748166328974623,0.0,Overcast,,0,22.46352978153864,326.88941469362237,,
Hyderabad,Miyapur,2,8,22521.60135347113,66.80865069462345,,,20.91479031778142,17.5,26.3,54.79638782855049,18.322109649867702,0.0,Overcast,,0,22.970733929944814,337.1060651473926,,
Hyderabad,Miyapur,2,8,22007.6304530902,63.9233103574113,,,21.320376139554828,17.3,27.3,52.33940330548403,17.973767906480816,0.0,Partially cloudy,,0,22.021157963981153,344.2817702969387,,
Hyderabad,Miyapur,2,8,21817.890630232858,65.70816734913988,,,20.162151254158005,15.8,26.3,48.608325431192974,24.527156722173444,0.0,Overcast,,0,23.13733238558317,332.04229413831695,,
Hyderabad,Miyapur,2,8,21680.7754461611,65.48681374948444,,,19.498334978028193,14.9,25.6,48.86225980870128,21.012079780788646,0.0,Overcast,,0,22.72449729909822,331.07085541067096,,
Hyderabad,Miyapur,3,8,21512.12334860904,61.88329369726287,,,20.049417386996556,14.3,25.9,54.58575952213698,13.355719375895438,0.0,Clear,,0,20.992275237211143,347.62408500503795,,
Hyderabad,Miyapur,3,8,21614.32729314514,62.84621966978275,,,18.735572053006045,13.6,25.7,54.54425233074099,12.667902524677116,0.0,Clear,,0,21.211541200017358,343.92406427490465,,
Hyderabad,Miyapur,3,8,21259.494600569367,63.11624084174426,,,19.371567378965803,13.9,25.6,53.92107981768308,15.019613391967614,0.0,Partially cloudy,,0,21.515255188073702,336.83081116752146,,
Hyderabad,Miyapur,3,8,21736.56875467025,61.4655292156898,,,19.50461974782972,14.1,26.0,56.6674372740138,14.234171683372729,0.0,Partially cloudy,,0,20.996424678524487,353.6383568486666,,
Hyderabad,Miyapur,3,8,21463.081370243006,66.69951711334781,,,20.309762897154027,15.6,26.5,57.28025337418269,12.094076463724209,0.0,Partially cloudy,,0,22.364867847860417,321.7876575293503,,
Hyderabad,Miyapur,3,8,22204.172917548072,63.49197203305267,,,21.106647472550556,16.8,27.3,57.94255855632207,12.06124503151045,0.0,Partially cloudy,,0,21.412567284193287,349.71622721041047,,
Hyderabad,Miyapur,3,8,21967.37819335366,62.87365972286074,,,20.37381538608448,15.8,27.4,49.02276927102253,12.448096057080011,0.0,Clear,,0,21.087362907986673,349.3892082977693,,
Hyderabad,Miyapur,3,8,21754.3130325847,63.47483772802209,,,20.39677470462843,15.1,27.5,53.29191208455001,13.453602292101282,0.0,Partially cloudy,,0,21.453649789307754,342.72341310737806,,
Hyderabad,Miyapur,3,8,21268.989589870496,62.356249306346605,,,21.005048822573514,16.1,28.1,52.01433136732334,12.264628396680173,0.0,Partially cloudy,,0,20.973624258918466,341.0883404064161,,
Hyderabad,Miyapur,3,8,21496.622479049413,61.2004314171146,,,22.092864507397113,17.4,27.5,53.61885543500366,13.448668677087348,0.0,Partially cloudy,,0,20.777373401543187,351.2495252286394,,
Hyderabad,Miyapur,3,8,21459.036849129086,65.28741469979418,,,21.70394678690877,19.0,26.2,54.35025059080497,13.878499410813516,0.0,Overcast,,0,22.061079362835706,328.6856578377691,,
Hyderabad,Miyapur,3,8,21019.133095145942,63.28751862699751,,,21.07727618634649,17.5,26.3,56.014805793102994,18.293321156168815,0.0,Overcast,,0,21.935883819578194,332.12130213270035,,
Hyderabad,Miyapur,3,8,21448.640236727726,63.96643428456754,,,21.048257025174525,17.3,27.3,52.16924830255537,20.42746077500603,0.0,Partially cloudy,,0,22.276061328921973,335.310862276755,,
Hyderabad,Miyapur,3,8,21299.630136969463,60.19421486335468,,,20.080839318030925,15.8,26.3,49.42693617770441,23.22992187531161,0.0,Overcast,,0,21.36979537009165,353.8484584493908,,
Hyderabad,Miyapur,3,8,20876.895759633502,61.54718833127559,,,19.440841013618055,14.9,25.6,50.083114840945704,21.14610417681222,0.0,Overcast,,0,21.580429213882816,339.2014538058886,,
Hyderabad,Uppal,1,8,11862.856897302841,42.78382480931161,,,20.011884830762103,15.0,25.8,52.18839656309393,13.216744090451762,0.0,Clear,,0,15.200589783100538,277.2743425856814,,
Hyderabad,Uppal,1,8,11744.855945798183,42.274679479727105,,,19.898968914251668,15.0,25.5,48.91201535078854,11.904138392570717,0.0,Clear,,0,14.851057990190974,277.82247175712945,,
Hyderabad,Uppal,1,8,12195.46975982977,42.25344252617368,,,19.85854454890939,15.1,25.6,50.68418342065449,13.835703327918461,0.0,Partially cloudy,,0,15.07328675905704,288.62665455661624,,
Hyderabad,Uppal,1,8,11694.128690145548,43.03648038936137,,,19.768924199447117,15.4,25.9,52.7870141623644,14.55144720088168,0.0,Partially cloudy,,0,15.421829120143867,271.7259539894052,,
Hyderabad,Uppal,1,8,11503.169473902382,42.957660848544634,,,20.694850536550025,16.6,26.2,51.60697173180544,12.028707834818288,0.0,Partially cloudy,,0,15.122308472681329,267.77923300942723,,
Hyderabad,Uppal,1,8,11890.457990004454,40.774733809817064,,,21.345654290811197,17.5,27.3,51.74618849414135,12.041913433183826,0.0,Partially cloudy,,0,14.471535256146328,291.61338110665156,,
Hyderabad,Uppal,1,8,12227.796434054262,41.67224321300511,,,20.864589475013,16.9,27.5,49.87922720819248,13.189488802572864,0.0,Clear,,0,14.818206388322668,293.42784288219457,,
Hyderabad,Uppal,1,8,12041.678307922624,42.394357980791945,,,20.909068116422855,16.4,27.1,50.59887185567578,11.83727279725118,0.0,Partially cloudy,,0,14.914012111076216,284.03964304350296,,
Hyderabad,Uppal,1,8,11577.344114311982,40.77347903538033,,,21.634671664256846,17.1,27.8,49.49182212214844,11.626408451243266,0.0,Partially cloudy,,0,14.384520998181396,283.94300383997114,,
Hyderabad,Uppal,1,8,11782.751251347243,41.73918472078736,,,22.06756074738391,18.3,27.5,51.176939400813,13.634364632248662,0.0,Partially cloudy,,0,14.908730667477332,282.29471491040124,,
Hyderabad,Uppal,1,8,11614.041157110141,42.93205196588529,,,22.106581417567313,19.5,26.1,53.13805283157239,14.342135439170685,0.0,Overcast,,0,15.376590190314104,270.52145484075396,,
Hyderabad,Uppal,1,8,11629.989232697531,41.17709305931394,,,21.761749341170734,18.2,26.1,54.07953108233307,16.802574057181744,0.0,Overcast,,0,15.114975945159017,282.4383259873396,,
Hyderabad,Uppal,1,8,11537.00067408517,41.47278198991296,,,22.20846350075041,18.4,27.3,47.9631287409327,20.4888100965706,0.0,Partially cloudy,,0,15.449978181449602,278.1824637877248,,
Hyderabad,Uppal,1,8,11750.537388947545,41.322108344867125,,,20.7619399634041,17.5,26.0,45.90980861764231,23.89128630981926,0.0,Overcast,,0,15.70395730679491,284.36442039403227,,
Hyderabad,Uppal,1,8,11788.363108664596,42.031913688537365,,,21.068106936120845,16.9,26.4,43.10435964893329,21.253728005874077,0.0,Partially cloudy,,0,15.597034100127283,280.46220298266917,,
Hyderabad,Uppal,2,8,11586.875648343575,41.33187925411907,,,19.914095363039284,15.0,25.8,54.05940872117692,12.411912499888425,0.0,Clear,,0,14.721943200648102,280.3374987404872,,
Hyderabad,Uppal,2,8,11606.969986609713,41.55794983605011,,,19.2571467285789,15.0,25.5,50.16878770739586,11.224957457469573,0.0,Clear,,0,14.593256450709907,279.29601995286737,,
Hyderabad,Uppal,2,8,11793.550802326447,41.55266531755314,,,19.768961249751232,15.1,25.6,50.76531649657391,15.241940947782783,0.0,Partially cloudy,,0,15.0053000199757,283.8217647940981,,
Hyderabad,Uppal,2,8,11860.74824917048,41.04648355701294,,,20.12310164257369,15.4,25.9,51.767750543070925,14.268264693898722,0.0,Partially cloudy,,0,14.776126547355172,288.95893682819576,,
Hyderabad,Uppal,2,8,11854.215254837049,41.01741230475861,,,20.775767248212066,16.6,26.2,53.21104783745122,11.423859029429751,0.0,Partially cloudy,,0,14.511830551119582,289.00446392767174,,
Hyderabad,Uppal,2,8,11681.037753052078,43.03289867072735,,,21.465333943186526,17.5,27.3,51.37705027508955,11.926728209109497,0.0,Partially cloudy,,0,15.130083427630945,271.4443626591665,,
Hyderabad,Uppal,2,8,11593.232349144471,42.399128668745064,,,21.30240118480909,16.9,27.5,48.749853115369504,12.311066139516354,0.0,Clear,,0,14.925842276882545,273.43091033119595,,
Hyderabad,Uppal,2,8,11454.266167623899,41.916780566084235,,,20.959953410148735,16.4,27.1,49.14111589956289,12.40007652720533,0.0,Partially cloudy,,0,14.797864140537062,273.26206862584746,,
Hyderabad,Uppal,2,8,11351.222767804007,42.95746458005388,,,21.673256096275768,17.1,27.8,50.350633983577254,11.504254974675613,0.0,Partially cloudy,,0,15.044677551155269,264.24331321161435,,
Hyderabad,Uppal,2,8,11664.484892882372,41.346563047080735,,,22.10600830674975,18.3,27.5,49.42992999050765,12.81689379933883,0.0,Partially cloudy,,0,14.674256893868257,282.1149820748146,,
Hyderabad,Uppal,2,8,11661.513361296036,40.99263700079081,,,21.766634356159752,19.5,26.1,52.216613121115934,12.497059177750035,0.0,Overcast,,0,14.591829280434565,284.4782432774712,,
Hyderabad,Uppal,2,8,11790.582169574647,41.811408779424994,,,21.04085747687152,18.2,26.1,54.11044699641459,16.839366088536593,0.0,Overcast,,0,15.30956818260945,281.99437698393655,,
Hyderabad,Uppal,2,8,11534.152473451835,42.471525011989705,,,22.099171835482952,18.4,27.3,50.47838310435849,20.02567748830152,0.0,Partially cloudy,,0,15.753592914514233,271.57377725889864,,
Hyderabad,Uppal,2,8,11689.09764248362,41.7235222251937,,,20.898761403184203,17.5,26.0,42.272594856999056,23.04622895108092,0.0,Overcast,,0,15.667131459806182,280.1560611156997,,
Hyderabad,Uppal,2,8,11764.24014136101,41.190082851912045,,,20.788348426662182,16.9,26.4,43.864919184094134,20.226051674341814,0.0,Partially cloudy,,0,15.256928406689678,285.60855737183624,,
Hyderabad,Uppal,3,8,11684.765758627467,42.85737469137852,,,20.050110175616293,15.0,25.8,53.042630484190454,12.21044232819267,0.0,Clear,,0,15.139109249916629,272.64305951475035,,
Hyderabad,Uppal,3,8,11622.282440173862,41.31902338638821,,,19.512430173655744,15.0,25.5,49.061371365903824,11.860378513021631,0.0,Clear,,0,14.562972294536703,281.28163464779783,,
Hyderabad,Uppal,3,8,11870.84488252344,41.42818770177782,,,19.68821826725896,15.1,25.6,51.35108482554442,14.71799273156417,0.0,Partially cloudy,,0,14.927277280200652,286.5402891378235,,
Hyderabad,Uppal,3,8,11575.559761974466,40.62636563257574,,,20.034311789086956,15.4,25.9,53.60153014435599,14.617766745887954,0.0,Partially cloudy,,0,14.721716967248637,284.9272776862115,,
Hyderabad,Uppal,3,8,11477.86815723494,41.50985970075698,,,20.63894943842078,16.6,26.2,52.86021705309523,11.783488738194578,0.0,Partially cloudy,,0,14.688511125108455,276.5094423343866,,
Hyderabad,Uppal,3,8,11820.105085263996,41.53321616550689,,,21.537730072883004,17.5,27.3,53.30304297611532,11.680850766248358,0.0,Partially cloudy,,0,14.694110785799209,284.5940232069128,,
Hyderabad,Uppal,3,8,11215.763442212072,41.899224390140105,,,21.150932475333025,16.9,27.5,48.45351590233659,11.803525564535008,0.0,Clear,,0,14.719190191542264,267.68427352682477,,
Hyderabad,Uppal,3,8,11744.30771463321,43.52373778929556,,,20.772127798869825,16.4,27.1,50.50970402532689,11.104745882553708,0.0,Partially cloudy,,0,15.177790005550575,269.83683642910063,,
Hyderabad,Uppal,3,8,11729.33056025089,40.97652410745716,,,21.82646179381815,17.1,27.8,50.15145833964945,11.796321309802503,0.0,Partially cloudy,,0,14.475618530010387,286.2451322003741,,
Hyderabad,Uppal,3,8,11864.902239103538,41.02284946042639,,,22.37427569545474,18.3,27.5,49.46597141672021,12.603922905889881,0.0,Partially cloudy,,0,14.556566557051308,289.226672334141,,
Hyderabad,Uppal,3,8,12060.903703412545,43.24891692398247,,,21.87412602800104,19.5,26.1,54.01128157785286,13.185069254944354,0.0,Overcast,,0,15.373407634246234,278.8718090816399,,
Hyderabad,Uppal,3,8,11948.508685410332,41.417814832195454,,,21.414029278227108,18.2,26.1,53.60955344211902,17.228070973889913,0.0,Overcast,,0,15.220342615890008,288.4871819969207,,
Hyderabad,Uppal,3,8,11727.563623247386,42.16190286450745,,,22.07270272090757,18.4,27.3,48.60665361072744,20.837324180624936,0.0,Partially cloudy,,0,15.704436349629276,278.1554632611194,,
Hyderabad,Uppal,3,8,11951.916533803465,41.858470151893094,,,20.664093044186934,17.5,26.0,45.645411423635814,23.236403179174427,0.0,Overcast,,0,15.794089591958087,285.5316138032084,,
Hyderabad,Uppal,3,8,11590.681866349732,42.25973306720712,,,20.797374391132607,16.9,26.4,44.97448066780823,20.970236073867476,0.0,Partially cloudy,,0,15.674433140905048,274.27248174797194,,
Hyderabad,Kompally,1,8,18634.964553772534,67.8578348904154,,,19.943813571612015,15.0,25.8,54.29655937643739,13.288316998994945,0.0,Clear,,0,22.772113354552864,274.6177296087682,,
Hyderabad,Kompally,1,8,18328.062586253505,67.48257086876778,,,19.508181958126965,15.0,25.5,50.20130411037611,12.794262217675847,0.0,Clear,,0,22.52822356460544,271.5969820102998,,
Hyderabad,Kompally,1,8,19036.319536109935,67.01715480130241,,,19.687620640149614,15.1,25.6,50.034369706196784,14.635490113266009,0.0,Partially cloudy,,0,22.56938284584126,284.0514431349745,,
Hyderabad,Kompally,1,8,18915.643899102848,65.39592038997287,,,19.966489795535374,15.4,25.9,53.138950908317284,13.690998890115646,0.0,Partially cloudy,,0,22.05065502416977,289.2480721473747,,
Hyderabad,Kompally,1,8,18490.07411907276,68.99335174639971,,,20.55165380559594,16.6,26.2,54.78602779875516,11.508759529602875,0.0,Partially cloudy,,0,22.944602032855304,267.99791068329466,,
Hyderabad,Kompally,1,8,18651.00277382944,64.10293742693503,,,21.652368117571704,17.5,27.3,52.49009056165693,11.605326628332406,0.0,Partially cloudy,,0,21.441215702146888,290.9539487966208,,
Hyderabad,Kompally,1,8,19397.781291743617,66.99148397116254,,,21.304291701659405,16.9,27.5,49.319153470703576,12.970874131428618,0.0,Clear,,0,22.380915673905694,289.5559277369296,,
Hyderabad,Kompally,1,8,18765.89641567502,66.88291229407665,,,21.02354878859151,16.4,27.1,49.362025440750685,12.40301270409216,0.0,Partially cloudy,,0,22.29241546744722,280.57833865193373,,
Hyderabad,Kompally,1,8,18893.023114898995,64.90371814434685,,,21.337629014731267,17.1,27.8,48.96670915109375,11.429819469495536,0.0,Partially cloudy,,0,21.59343157327548,291.09307841009394,,
Hyderabad,Kompally,1,8,19126.22631181819,66.10123310173277,,,22.332737752336886,18.3,27.5,51.15384738679854,13.269421792257255,0.0,Partially cloudy,,0,22.18038905748153,289.34749647381113,,
Hyderabad,Kompally,1,8,19330.971080436433,65.45931125440622,,,22.421854685491986,19.5,26.1,55.80993227278134,13.109307940687724,0.0,Overcast,,0,22.064922815846263,295.31277842669357,,
Hyderabad,Kompally,1,8,18548.951989702397,67.08449167143038,,,21.33715588769654,18.2,26.1,53.94325832390045,17.143101442697063,0.0,Overcast,,0,22.918522812176832,276.50134222604436,,
Hyderabad,Kompally,1,8,18619.441472082817,67.52241837459144,,,22.31959075911616,18.4,27.3,49.228678623477855,20.131700347611794,0.0,Partially cloudy,,0,23.254469119608167,275.7519934903469,,
Hyderabad,Kompally,1,8,18769.236263700714,66.14356737159011,,,20.55899608313805,17.5,26.0,43.51271218826658,23.83862200496104,0.0,Overcast,,0,23.097186655738465,283.7651038423194,,
Hyderabad,Kompally,1,8,19332.969597694373,65.75499290512069,,,20.878696875053624,16.9,26.4,44.01871282821757,20.638901477765845,0.0,Partially cloudy,,0,22.670762275877145,294.01523357458706,,
Hyderabad,Kompally,2,8,19079.032112063313,67.55580888344905,,,20.39796770283606,15.0,25.8,52.31715030815469,12.237921819142459,0.0,Clear,,0,22.536877853112053,282.4188241899301,,
Hyderabad,Kompally,2,8,19080.66519113995,67.41075458477371,,,19.209983453496346,15.0,25.5,51.44655091709155,11.505441557882289,0.0,Clear,,0,22.402701549562174,283.05075812709805,,
Hyderabad,Kompally,2,8,19156.23612630936,69.57794915811637,,,19.652749518638196,15.1,25.6,50.164946449494664,14.138935645739156,0.0,Partially cloudy,,0,23.29057724099872,275.32050539139465,,
Hyderabad,Kompally,2,8,19273.568406565613,68.35555760287639,,,20.434147119037615,15.4,25.9,53.383079960678145,14.699216668189289,0.0,Partially cloudy,,0,23.04425054689541,281.96051765883897,,
Hyderabad,Kompally,2,8,18715.12654292749,66.8235872368983,,,21.195477343062006,16.6,26.2,51.418281447311145,11.168948372875434,0.0,Partially cloudy,,0,22.192336637303256,280.0676724609221,,
Hyderabad,Kompally,2,8,18707.769736701364,68.69422942432152,,,21.38384632970091,17.5,27.3,50.228627885216255,12.064387397353109,0.0,Partially cloudy,,0,22.819280124736093,272.33393391960504,,
Hyderabad,Kompally,2,8,18995.33382354375,65.37027531741172,,,21.268848793937842,16.9,27.5,46.637190313168624,12.045518181360512,0.0,Clear,,0,21.748378219622943,290.5805999945703,,
Hyderabad,Kompally,2,8,18840.66401400567,68.44867379768168,,,21.02059674165695,16.4,27.1,51.607576182724166,12.722765271033769,0.0,Partially cloudy,,0,22.839030190062363,275.2524332274761,,
Hyderabad,Kompally,2,8,18602.589269379983,69.1821011052025,,,21.568826771523327,17.1,27.8,50.25505528506566,11.829485652345607,0.0,Partially cloudy,,0,22.942680002496626,268.8930947773869,,
Hyderabad,Kompally,2,8,18543.488305664498,67.91412339997974,,,22.39233369773472,18.3,27.5,50.01359561201785,12.015833620932536,0.0,Partially cloudy,,0,22.576092294327534,273.0431812607336,,
Hyderabad,Kompally,2,8,18732.945169853734,67.17381082874768,,,21.851838340684036,19.5,26.1,53.925988469632166,14.009780649867375,0.0,Overcast,,0,22.631641083003682,278.8727472617467,,
Hyderabad,Kompally,2,8,18660.42221811377,67.26923069138307,,,21.42897813138138,18.2,26.1,53.61456735691262,17.066646995500022,0.0,Overcast,,0,22.959725254103176,277.39907274581185,,
Hyderabad,Kompally,2,8,18869.007911655677,70.29851409833877,,,22.060514502379903,18.4,27.3,48.34645337738844,19.28804437235666,0.0,Partially cloudy,,0,23.985287734285066,268.41261374686115,,
Hyderabad,Kompally,2,8,19110.757667082242,66.95451765473584,,,20.635963527904487,17.5,26.0,44.21151939502768,23.419679521854352,0.0,Overcast,,0,23.312553636506742,285.4289499273317,,
Hyderabad,Kompally,2,8,19101.36187473935,64.8574198479624,,,21.055037488863096,16.9,26.4,43.74717358484314,20.183521548826857,0.0,Partially cloudy,,0,22.35052158096827,294.5131323373088,,
Hyderabad,Kompally,3,8,18815.545274726905,68.91864148310542,,,19.760574984006986,15.0,25.8,54.67390462148871,13.1037647498211,0.0,Clear,,0,23.079447012343508,273.0109716300678,,
Hyderabad,Kompally,3,8,19073.131717448738,68.04218123845772,,,19.56300684859475,15.0,25.5,49.17550042636472,11.680802636900333,0.0,Clear,,0,22.56424464375464,280.31334931203713,,
Hyderabad,Kompally,3,8,19111.78369344243,66.79113116614336,,,19.471904774876624,15.1,25.6,51.53753533267595,15.11537079260006,0.0,Partially cloudy,,0,22.57962713575653,286.14253658770576,,
Hyderabad,Kompally,3,8,18642.900042479338,66.84296451373247,,,19.714183705429324,15.4,25.9,53.28411355117981,13.977530850938807,0.0,Partially cloudy,,0,22.516324710237214,278.9059428782407,,
Hyderabad,Kompally,3,8,18861.667252757543,65.13468233329412,,,20.66524197673295,16.6,26.2,54.34927321330305,11.208170158948713,0.0,Partially cloudy,,0,21.74820718014917,289.57947712468155,,
Hyderabad,Kompally,3,8,18753.195784929278,68.01616379274344,,,21.652676598256665,17.5,27.3,52.09120822004221,11.352883804524222,0.0,Partially cloudy,,0,22.581961682676297,275.71675230131154,,
Hyderabad,Kompally,3,8,19231.47731638865,67.22890852471626,,,21.270954428674994,16.9,27.5,49.12798359726399,13.701436946734379,0.0,Clear,,0,22.521375924033592,286.0596391999779,,
Hyderabad,Kompally,3,8,18648.41798469659,64.87992246078274,,,20.816537197621237,16.4,27.1,47.8431317216293,11.90722035949791,0.0,Partially cloudy,,0,21.611561408617195,287.4297205883499,,
Hyderabad,Kompally,3,8,18731.34923628965,68.15242937340848,,,21.503525745290677,17.1,27.8,48.58789047770564,11.597983879829687,0.0,Partially cloudy,,0,22.577285009559624,274.8449234826278,,
Hyderabad,Kompally,3,8,18958.869850384628,67.30096009063725,,,22.147051391961693,18.3,27.5,49.80848650440264,12.951933716576452,0.0,Partially cloudy,,0,22.48165112893687,281.7028141181323,,
Hyderabad,Kompally,3,8,18906.909238591303,67.83780558996202,,,21.404762793693088,19.5,26.1,54.268297074786055,13.427013473962047,0.0,Overcast,,0,22.779408965880528,278.7075595114616,,
Hyderabad,Kompally,3,8,18953.30320846144,67.52606749569196,,,21.491786023485112,18.2,26.1,53.969237948060545,15.748876972402588,0.0,Overcast,,0,22.912092704909057,280.68128222735055,,
Hyderabad,Kompally,3,8,18547.4692163179,68.39863997820275,,,22.051548100601373,18.4,27.3,48.88637940341481,20.93267786241282,0.0,Partially cloudy,,0,23.590587367770404,271.1672223633189,,
Hyderabad,Kompally,3,8,18994.15884607002,69.10876871464819,,,20.48068362249066,17.5,26.0,44.04986126743037,22.92264186611543,0.0,Overcast,,0,23.905892026354607,274.8444111990675,,
Hyderabad,Kompally,3,8,19315.41617135202,69.07454747389478,,,20.663114717114166,16.9,26.4,43.8306203575697,20.422505379400775,0.0,Partially cloudy,,0,23.641227187259908,279.63145438849034,,
Hyderabad,Shamshabad,1,8,21555.620626027354,60.25827514807372,,,19.428975912704594,14.2,25.0,57.50849645470768,12.719862939400526,0.0,Clear,,0,20.49963876745632,357.72050515980334,,
Hyderabad,Shamshabad,1,8,20935.033751607338,61.07623117126756,,,18.472859146257342,13.9,24.8,58.89618010007081,11.912705368119884,0.0,Clear,,0,20.69206349019367,342.7689192691367,,
Hyderabad,Shamshabad,1,8,20787.761689230003,59.31851619678098,,,19.089502777567574,13.9,25.1,60.26674247994207,14.898063010953138,0.0,Partially cloudy,,0,20.49069600972845,350.4430491866903,,
Hyderabad,Shamshabad,1,8,20372.91859419732,59.07250603939095,,,18.743489255186198,14.3,25.3,59.52923889967351,15.09418065857948,0.0,Partially cloudy,,0,20.421754655668703,344.879876614887,,
Hyderabad,Shamshabad,1,8,21108.340671340306,58.67367291136832,,,20.148877591955333,16.0,25.3,59.537844199730536,12.747617330577977,0.0,Partially cloudy,,0,20.067620490462907,359.75829744332333,,
Hyderabad,Shamshabad,1,8,21123.12529729021,60.45248114132961,,,20.545169463003116,16.8,26.5,59.36770483995521,11.881849684645658,0.0,Partially cloudy,,0,20.511283407662553,349.4170114855541,,
Hyderabad,Shamshabad,1,8,20871.45664378084,59.043065102302286,,,20.650237177411466,15.8,27.0,53.154219834747956,11.889194060403085,0.0,Clear,,0,19.96492333342595,353.49548008080956,,
Hyderabad,Shamshabad,1,8,21155.177522096154,57.16608033233744,,,19.761519765833828,15.2,26.2,54.804805322124245,14.21620993449181,0.0,Partially cloudy,,0,19.667541199592897,370.0652099830814,,
Hyderabad,Shamshabad,1,8,21511.28027056885,57.413295395638265,,,20.542431674704623,15.9,27.0,58.27324643816875,12.799369866206431,0.0,Partially cloudy,,0,19.669390534075497,374.67419562548014,,
Hyderabad,Shamshabad,1,8,21124.733343372904,58.87433977194205,,,21.62946279554205,17.8,27.1,55.63178118092578,13.497245906487974,0.0,Partially cloudy,,0,20.12466214584993,358.81053486463713,,
Hyderabad,Shamshabad,1,8,20695.391917800524,61.343552085090494,,,20.96480675687381,18.8,25.0,57.779977489125585,14.089299620470403,0.0,Overcast,,0,20.9675951373567,337.3686592046978,,
Hyderabad,Shamshabad,1,8,21183.033679798406,57.20988915711193,,,20.76818706981524,17.4,25.9,59.43079100572067,17.14314447467538,0.0,Overcast,,0,20.065897014715528,370.2687418537863,,
Hyderabad,Shamshabad,1,8,21019.55677613243,61.62570001862976,,,21.712252941540076,17.8,27.4,50.62589047542315,19.18513394856954,0.0,Partially cloudy,,0,21.418741209954344,341.0842679235792,,
Hyderabad,Shamshabad,1,8,21155.078213250006,60.78420087418538,,,20.345874912734118,17.2,25.8,45.12987253369564,22.75191963764939,0.0,Overcast,,0,21.413049676694467,348.03580386024976,,
Hyderabad,Shamshabad,1,8,20803.53847521931,63.63098713815061,,,20.34786842031817,16.2,26.5,46.62281518580124,19.667813665535054,0.0,Overcast,,0,21.98853381171471,326.94036994982173,,
Hyderabad,Shamshabad,2,8,21363.214024312794,62.446121361836255,,,19.567285438085992,14.2,25.0,56.52476495297368,12.306416014637737,0.0,Clear,,0,21.09497330907412,342.1063399682795,,
Hyderabad,Shamshabad,2,8,21531.94664181188,59.72045807494509,,,18.470039869282566,13.9,24.8,57.197991879198206,11.944133754725916,0.0,Clear,,0,20.254510635540083,360.5455707454681,,
Hyderabad,Shamshabad,2,8,21092.451943717628,60.90748503557357,,,18.771608421526256,13.9,25.1,57.43419570256733,15.139981905159418,0.0,Partially cloudy,,0,20.93492761523936,346.30311744768954,,
Hyderabad,Shamshabad,2,8,21632.190341468428,61.52976361663809,,,18.87670552330983,14.3,25.3,59.58332747411515,14.92617550351236,0.0,Partially cloudy,,0,21.14321318482497,351.5727847785673,,
Hyderabad,Shamshabad,2,8,21521.68080795234,60.68324196635832,,,20.04029282762607,16.0,25.3,56.5811268075253,13.348233473154284,0.0,Partially cloudy,,0,20.67141847337343,354.6560814908928,,
Hyderabad,Shamshabad,2,8,21278.784664020422,59.32532567834376,,,20.190233391474944,16.8,26.5,57.52185365049246,11.384578561251237,0.0,Partially cloudy,,0,20.086492632638098,358.67960977394307,,
Hyderabad,Shamshabad,2,8,21396.105113859907,60.69711812768021,,,20.639556231023565,15.8,27.0,52.55870787490062,12.303385727900084,0.0,Clear,,0,20.490648168592084,352.50611188577113,,
Hyderabad,Shamshabad,2,8,20831.416903429083,61.289016525241635,,,20.312790086388386,15.2,26.2,55.0407510831362,12.455713835247597,0.0,Partially cloudy,,0,20.733091362759975,339.88825542419573,,
Hyderabad,Shamshabad,2,8,20791.91302614873,59.04630436188699,,,20.856339913381575,15.9,27.0,54.10370440204747,13.441855133250758,0.0,Partially cloudy,,0,20.140150909932125,352.1289477952396,,
Hyderabad,Shamshabad,2,8,21663.75253564771,60.518166863638235,,,21.571344849706495,17.8,27.1,55.44486528186711,13.738581092434,0.0,Partially cloudy,,0,20.638205473972214,357.9710632091893,,
Hyderabad,Shamshabad,2,8,21139.164541956812,61.942685782075635,,,20.83107795548984,18.8,25.0,58.7038916562554,14.582849054866337,0.0,Overcast,,0,21.21516847323443,341.26974436219643,,
Hyderabad,Shamshabad,2,8,21042.821704303584,59.092962728829406,,,20.428340036215527,17.4,25.9,60.476306459289255,17.432972045392933,0.0,Overcast,,0,20.6807121523739,356.0969146337542,,
Hyderabad,Shamshabad,2,8,21215.352095089107,60.753381124928644,,,21.629249990843576,17.8,27.4,52.36543006364576,20.48197294043778,0.0,Partially cloudy,,0,21.321520232795287,349.20446734418726,,
Hyderabad,Shamshabad,2,8,21305.771322028602,61.3896126135153,,,20.52745376657627,17.2,25.8,46.82590860362109,23.892257806545604,0.0,Overcast,,0,21.742627736781568,347.0582467454438,,
Hyderabad,Shamshabad,2,8,20954.136632185582,59.04559888243368,,,20.48326749805162,16.2,26.5,47.82650134006777,19.71981863396241,0.0,Overcast,,0,20.642191554927702,354.88058430752113,,
Hyderabad,Shamshabad,3,8,21286.401470442845,64.50539775920062,,,19.445308268892163,14.2,25.0,57.5658774653732,11.87920394059531,0.0,Clear,,0,21.690857271127182,329.9941122742196,,
Hyderabad,Shamshabad,3,8,21708.327050610973,61.68745986900965,,,18.885405293482524,13.9,24.8,58.63721640349899,12.093720487162248,0.0,Clear,,0,20.888354337489098,351.9082662295961,,
Hyderabad,Shamshabad,3,8,20793.8629324974,63.093322863369295,,,18.82754173072525,13.9,25.1,58.421204143621765,14.714454199268047,0.0,Partially cloudy,,0,21.567866361810026,329.5731146943585,,
Hyderabad,Shamshabad,3,8,21034.771087740093,62.12208627431159,,,18.990851364980927,14.3,25.3,57.683295115430575,15.976315045804366,0.0,Partially cloudy,,0,21.387923289182524,338.60374545145123,,
Hyderabad,Shamshabad,3,8,21046.89236680976,61.105870643090476,,,19.861038800223653,16.0,25.3,60.42981557190895,13.52320197454696,0.0,Partially cloudy,,0,20.89267770182002,344.43322949674115,,
Hyderabad,Shamshabad,3,8,21120.009680225085,64.59775849613376,,,20.634237138869803,16.8,26.5,58.77558106217312,11.483576186773057,0.0,Partially cloudy,,0,21.703196788760895,326.946478823861,,
Hyderabad,Shamshabad,3,8,22138.13251971923,62.19750970718802,,,20.38254945202936,15.8,27.0,54.51583589944623,12.998598412125826,0.0,Clear,,0,21.04942947135791,355.93277968749254,,
Hyderabad,Shamshabad,3,8,20964.423188868263,62.1716963827123,,,20.19988022341316,15.2,26.2,54.43773243470016,13.041942380422007,0.0,Partially cloudy,,0,21.044457801549893,337.2020454423005,,
Hyderabad,Shamshabad,3,8,21531.776427376313,62.81650576011367,,,20.245260813788537,15.9,27.0,55.90276783881255,14.039031519512715,0.0,Partially cloudy,,0,21.366910236761623,342.7725908474243,,
Hyderabad,Shamshabad,3,8,21627.261312040144,64.12083199163553,,,21.439557679998597,17.8,27.1,54.79515362838691,13.49109651273644,0.0,Partially cloudy,,0,21.681262321332042,337.2891561179585,,
Hyderabad,Shamshabad,3,8,21244.730669371103,62.47655609464066,,,20.885775024721784,18.8,25.0,58.67180549802937,15.238265642909377,0.0,Overcast,,0,21.44022950264372,340.04324177518987,,
Hyderabad,Shamshabad,3,8,21238.0271539873,62.20621919411396,,,21.220444517366577,17.4,25.9,57.914461223932065,17.833386946591684,0.0,Overcast,,0,21.603493677372,341.4132449958777,,
Hyderabad,Shamshabad,3,8,21213.963119165022,61.913297413102505,,,21.673017953731975,17.8,27.4,51.564685742712875,19.746350589655997,0.0,Partially cloudy,,0,21.57991799775061,342.6398529159195,,
Hyderabad,Shamshabad,3,8,21415.93817060916,64.87340128903195,,,20.55350656193647,17.2,25.8,47.94582143503517,24.028753667477986,0.0,Overcast,,0,22.823812182158086,330.11893541999194,,
Hyderabad,Shamshabad,3,8,21315.18171882514,62.33043533509826,,,20.483810270508634,16.2,26.5,46.14720217101988,18.849746341789157,0.0,Overcast,,0,21.50704927812879,341.9706858171511,,
Hyderabad,HITEC City,1,8,16148.025245440342,58.44141050543127,,,20.049985510301134,15.0,25.8,54.88580370923708,12.121601196104763,0.0,Clear,,0,19.8422993454246,276.31135364091904,,
Hyderabad,HITEC City,1,8,16210.650562673807,57.51324217467681,,,19.526375582762732,15.0,25.5,49.360801636226235,11.19946549625199,0.0,Clear,,0,19.361135234752766,281.85944575058903,,
Hyderabad,HITEC City,1,8,16206.331085266731,58.503937240585444,,,19.62457583439843,15.1,25.6,52.18927914961874,14.755309935490319,0.0,Partially cloudy,,0,20.070497748717038,277.01265674857945,,
Hyderabad,HITEC City,1,8,16544.38313227265,55.25729964022393,,,20.341898534764972,15.4,25.9,52.79156023695144,15.262641037972655,0.0,Partially cloudy,,0,19.15928520060347,299.4062909333585,,
Hyderabad,HITEC City,1,8,16021.012466188738,57.979559650801185,,,20.345260218661625,16.6,26.2,51.214967176014106,11.900945556788026,0.0,Partially cloudy,,0,19.60826179443944,276.3217341194028,,
Hyderabad,HITEC City,1,8,16381.982389332625,58.742906972791765,,,21.55401294664313,17.5,27.3,52.06687269696428,11.76619027476734,0.0,Partially cloudy,,0,19.84082857325355,278.87592278877764,,
Hyderabad,HITEC City,1,8,16185.079677975575,57.641587186678535,,,20.78979490345128,16.9,27.5,47.6665302874871,13.216652876129352,0.0,Clear,,0,19.567472049366238,280.7882375889206,,
Hyderabad,HITEC City,1,8,16213.280851194777,59.69826172503982,,,21.050440550248705,16.4,27.1,49.88396795472254,12.980770800959538,0.0,Partially cloudy,,0,20.205234956702352,271.5871514964779,,
Hyderabad,HITEC City,1,8,16324.640741347883,56.72227446392751,,,21.715300270693277,17.1,27.8,49.86473629528863,11.278892455981381,0.0,Partially cloudy,,0,19.141866310682165,287.7994737628077,,
Hyderabad,HITEC City,1,8,16680.113938179915,56.89849597576872,,,22.392419603808424,18.3,27.5,48.87059518886515,13.614392049322815,0.0,Partially cloudy,,0,19.408399901440198,293.15562128889053,,
Hyderabad,HITEC City,1,8,16638.82744605651,58.01690699832294,,,21.876684380978226,19.5,26.1,52.210183495965424,14.159531297522879,0.0,Overcast,,0,19.86522889916848,286.79273520281737,,
Hyderabad,HITEC City,1,8,16592.523272389317,55.419911428460935,,,21.532451060653557,18.2,26.1,53.41510021915307,17.000782532589575,0.0,Overcast,,0,19.3943536861803,299.396423500385,,
Hyderabad,HITEC City,1,8,16112.49890987984,56.0061359057888,,,21.928570627893816,18.4,27.3,47.481020198877076,19.901727623939465,0.0,Partially cloudy,,0,19.741633938108127,287.6916725157332,,
Hyderabad,HITEC City,1,8,16210.098905347519,57.237535254977075,,,20.40618316489809,17.5,26.0,43.96322031512529,23.13909444355524,0.0,Overcast,,0,20.364434427151153,283.2074937038449,,
Hyderabad,HITEC City,1,8,16267.560154905917,56.88046633569671,,,20.598083446181672,16.9,26.4,45.163740515799944,19.821727036752172,0.0,Partially cloudy,,0,19.94958741470023,285.9955482590131,,
Hyderabad,HITEC City,2,8,16241.39426481631,53.477696989604134,,,19.841695975728697,15.0,25.8,51.65260576050257,12.945386947844497,0.0,Clear,,0,18.37089990687574,303.70407065161345,,
Hyderabad,HITEC City,2,8,16234.033865380334,55.33674890559229,,,19.59737644723096,15.0,25.5,49.34398580289256,11.101699758261285,0.0,Clear,,0,18.698074363561666,293.36804540282156,,
Hyderabad,HITEC City,2,8,16553.676089672193,53.82188591171444,,,19.282541801128136,15.1,25.6,51.675932143590956,13.830325774480322,0.0,Partially cloudy,,0,18.563116993834186,307.56402919112975,,
Hyderabad,HITEC City,2,8,16911.95485541416,54.09458714476742,,,19.88361601092947,15.4,25.9,53.97718423463832,14.482427871795835,0.0,Partially cloudy,,0,18.756162615302575,312.6367303655456,,
Hyderabad,HITEC City,2,8,16478.555803192372,51.757224972400806,,,20.775673921766458,16.6,26.2,52.411694199109746,11.846909648101972,0.0,Partially cloudy,,0,17.760092340512635,318.3817488665486,,
Hyderabad,HITEC City,2,8,16299.015332147897,51.14299305993642,,,21.290628560528532,17.5,27.3,51.438092899370346,12.785626818356752,0.0,Partially cloudy,,0,17.65022245780401,318.6949835541784,,
Hyderabad,HITEC City,2,8,16632.086115557075,52.74761884127306,,,21.079688103426058,16.9,27.5,47.92710335284651,12.85104475289693,0.0,Clear,,0,18.06793219472854,315.3144441572988,,
Hyderabad,HITEC City,2,8,16219.463429640986,53.310645483304526,,,21.039743965404657,16.4,27.1,50.184278933687644,12.341482459692438,0.0,Partially cloudy,,0,18.231027469634355,304.2443640026923,,
Hyderabad,HITEC City,2,8,16667.90628971687,55.616539870828106,,,21.800129334378347,17.1,27.8,50.62186859310191,11.33711611701284,0.0,Partially cloudy,,0,18.83111094481175,299.69333454452266,,
Hyderabad,HITEC City,2,8,16271.953396212,53.12226663067029,,,22.241652468562645,18.3,27.5,49.450233537594904,13.022034790331013,0.0,Partially cloudy,,0,18.227888138986085,306.31135356745756,,
Hyderabad,HITEC City,2,8,16663.93331922618,52.61821574665469,,,21.862891439546278,19.5,26.1,53.96480449166332,13.0354282795425,0.0,Overcast,,0,18.168303641783922,316.69514221955774,,
Hyderabad,HITEC City,2,8,16804.151061470933,52.85642097940452,,,21.54587184764309,18.2,26.1,53.801027575577145,16.80141437680528,0.0,Overcast,,0,18.613088283013425,317.9207133229596,,
Hyderabad,HITEC City,2,8,16128.46831876113,50.18422593575323,,,21.630647103576937,18.4,27.3,47.90031277977464,20.405454330479685,0.0,Partially cloudy,,0,18.05381946936943,321.38521653017204,,
Hyderabad,HITEC City,2,8,16176.494260187828,54.82669427812572,,,20.797265888867905,17.5,26.0,45.01492652455436,22.898703485987195,0.0,Overcast,,0,19.638177162527523,295.0477768753931,,
Hyderabad,HITEC City,2,8,16669.9568634382,54.07402607233481,,,20.723579012928184,16.9,26.4,44.96230356965993,20.007376201684846,0.0,Partially cloudy,,0,19.122191513262127,308.2802978483386,,
Hyderabad,HITEC City,3,8,15952.00905333988,54.75966557913745,,,20.094409636132948,15.0,25.8,53.306336422295125,11.549321375418412,0.0,Clear,,0,18.648958539728977,291.3094681026931,,
Hyderabad,HITEC City,3,8,16186.63303986383,54.97823388049287,,,19.441476849936176,15.0,25.5,49.086064421260964,12.127190275376673,0.0,Clear,,0,18.687910480110748,294.41893450140634,,
Hyderabad,HITEC City,3,8,16782.3129229186,56.835587292049574,,,19.77507949344289,15.1,25.6,52.05503928588959,14.112582557656376,0.0,Partially cloudy,,0,19.503035229098302,295.27825298404525,,
Hyderabad,HITEC City,3,8,16484.206713469164,56.08419216638458,,,19.93791258003085,15.4,25.9,50.36408980163439,14.308002654661733,0.0,Partially cloudy,,0,19.263339711414236,293.91894715297997,,
Hyderabad,HITEC City,3,8,16480.8041306666,55.63242231258558,,,20.752722302224054,16.6,26.2,52.807495860715704,10.745725466223748,0.0,Partially cloudy,,0,18.820449157612366,296.2445898556207,,
Hyderabad,HITEC City,3,8,16003.576659035065,54.41127945340665,,,21.48123860488819,17.5,27.3,53.07532420342578,11.667648053130236,0.0,Partially cloudy,,0,18.55165512540353,294.1224102759652,,
Hyderabad,HITEC City,3,8,16190.086856239344,53.952998631555545,,,21.132126974118762,16.9,27.5,47.530572021528194,12.555932845566339,0.0,Clear,,0,18.39210431445386,300.0776095282725,,
Hyderabad,HITEC City,3,8,16789.956800371263,55.196825403590765,,,21.11589171702171,16.4,27.1,52.39690548306755,12.23022699734693,0.0,Partially cloudy,,0,18.830008430473274,304.1833778954797,,
Hyderabad,HITEC City,3,8,16518.158275317324,57.13739378529179,,,21.507753327272923,17.1,27.8,48.38228139956799,12.21186610599862,0.0,Partially cloudy,,0,19.330050374178757,289.09540987095914,,
Hyderabad,HITEC City,3,8,16633.005739813987,56.2045951138467,,,22.615935201198575,18.3,27.5,51.73589078370655,13.840387747430738,0.0,Partially cloudy,,0,19.280135124571217,295.93675937212186,,
Hyderabad,HITEC City,3,8,16757.78598900806,55.69054871560194,,,22.240290190361005,19.5,26.1,53.13026797849021,14.31831471056149,0.0,Overcast,,0,19.201601445306537,300.90897603803455,,
Hyderabad,HITEC City,3,8,16355.779139825154,57.445016738940915,,,21.120149679811167,18.2,26.1,53.84802036493985,16.849626167612563,0.0,Overcast,,0,19.995428045742326,284.72059141620673,,
Hyderabad,HITEC City,3,8,15967.536412048625,53.935189584880774,,,21.850309626987936,18.4,27.3,50.19714048206984,20.05248929624147,0.0,Partially cloudy,,0,19.189748614729773,296.0504363652905,,
Hyderabad,HITEC City,3,8,16707.751042355525,54.439838436716585,,,20.825834321884102,17.5,26.0,42.92036054809767,23.349104551340293,0.0,Overcast,,0,19.52526919711096,306.9030240010245,,
Hyderabad,HITEC City,3,8,16914.296758820587,58.116942607036755,,,20.807019859921322,16.9,26.4,43.64284362850778,20.465498810863902,0.0,Partially cloudy,,0,20.35448953576757,291.03899826920036,,
